date               ,open  ,high  ,low   ,close
2018-04-23 14:00:00,70.48 ,70.78 ,70.48 ,70.77
2018-04-23 15:00:00,70.77 ,70.79 ,70.555,70.645
2018-04-23 16:00:00,70.645,70.895,70.645,70.84
2018-04-23 17:00:00,70.85 ,70.86 ,70.83 ,70.85
2018-04-23 18:00:00,70.85 ,71.04 ,70.8  ,71.0
2018-04-23 19:00:00,71.0  ,71.15 ,71.0  ,71.11
2018-04-23 20:00:00,71.11 ,71.11 ,71.11 ,71.11
2018-04-24 14:00:00,71.49 ,71.65 ,71.47 ,71.6
2018-04-24 15:00:00,71.555,71.69 ,71.42 ,71.545
2018-04-24 16:00:00,71.545,71.575,71.43 ,71.45
2018-04-24 17:00:00,71.46 ,71.46 ,71.03 ,71.03
2018-04-24 18:00:00,71.03 ,71.15 ,70.95 ,71.09
2018-04-24 19:00:00,71.09 ,71.135,70.84 ,71.07
2018-04-24 20:00:00,71.07 ,71.07 ,71.07 ,71.07
2018-04-25 14:00:00,70.43 ,70.72 ,70.43 ,70.62
2018-04-25 15:00:00,70.63 ,70.945,70.57 ,70.905
2018-04-25 16:00:00,70.89 ,70.89 ,70.855,70.855
2018-04-25 17:00:00,70.855,70.95 ,70.855,70.95
2018-04-25 18:00:00,70.95 ,71.255,70.95 ,71.255
2018-04-25 19:00:00,71.275,71.275,71.045,71.14
2018-04-25 20:00:00,71.14 ,71.14 ,71.14 ,71.14
2018-04-26 14:00:00,69.87 ,70.14 ,69.69 ,70.11
2018-04-26 15:00:00,70.11 ,70.19 ,69.955,70.185
2018-04-26 16:00:00,70.185,70.44 ,70.165,70.415
2018-04-26 17:00:00,70.415,70.455,70.26 ,70.27
2018-04-26 18:00:00,70.27 ,70.37 ,70.265,70.35
2018-04-26 19:00:00,70.35 ,70.395,70.19 ,70.32
2018-04-26 20:00:00,70.32 ,70.32 ,70.32 ,70.32
2018-04-27 14:00:00,69.79 ,69.86 ,69.545,69.835
2018-04-27 15:00:00,69.83 ,70.115,69.83 ,70.115
2018-04-27 16:00:00,70.115,70.115,69.99 ,70.055
2018-04-27 17:00:00,70.055,70.055,69.86 ,69.89
2018-04-27 18:00:00,69.89 ,69.905,69.85 ,69.88
2018-04-27 19:00:00,69.88 ,69.885,69.75 ,69.75
2018-04-27 20:00:00,69.75 ,69.75 ,69.75 ,69.75
2018-04-30 14:00:00,69.625,69.98 ,69.625,69.98
2018-04-30 15:00:00,69.97 ,70.035,69.895,69.895
2018-04-30 16:00:00,69.905,69.945,69.84 ,69.88
2018-04-30 17:00:00,69.91 ,70.27 ,69.91 ,70.205
2018-04-30 18:00:00,70.25 ,70.25 ,70.03 ,70.03
2018-04-30 19:00:00,70.03 ,70.08 ,69.92 ,69.915
2018-04-30 20:00:00,69.915,69.915,69.915,69.915
2018-05-01 14:00:00,69.375,69.375,68.8  ,68.845
2018-05-01 15:00:00,68.845,69.055,68.79 ,69.035
2018-05-01 16:00:00,68.955,68.995,68.955,68.97
2018-05-01 17:00:00,68.95 ,68.95 ,68.78 ,68.885
2018-05-01 18:00:00,68.875,69.055,68.855,69.02
2018-05-01 19:00:00,69.02 ,69.075,68.94 ,69.05
2018-05-01 20:00:00,69.05 ,69.05 ,69.05 ,69.05
2018-05-02 14:00:00,69.28 ,69.53 ,69.14 ,69.19
2018-05-02 15:00:00,69.18 ,69.465,69.095,69.095
2018-05-02 16:00:00,69.095,69.2  ,69.09 ,69.185
2018-05-02 17:00:00,69.185,69.395,69.185,69.37
2018-05-02 18:00:00,69.37 ,69.69 ,69.37 ,69.5
2018-05-02 19:00:00,69.49 ,69.525,69.1  ,69.17
2018-05-02 20:00:00,69.17 ,69.17 ,69.17 ,69.17
2018-05-03 14:00:00,69.115,69.175,68.96 ,68.96
2018-05-03 15:00:00,68.96 ,69.165,68.92 ,69.115
2018-05-03 16:00:00,69.115,69.395,69.1  ,69.395
2018-05-03 17:00:00,69.395,69.545,69.35 ,69.51
2018-05-03 18:00:00,69.525,69.685,69.495,69.58
2018-05-03 19:00:00,69.58 ,69.64 ,69.54 ,69.635
2018-05-03 20:00:00,69.635,69.635,69.635,69.635
2018-05-04 14:00:00,69.515,69.8  ,69.515,69.735
2018-05-04 15:00:00,69.735,70.065,69.705,70.065
2018-05-04 16:00:00,70.065,70.245,70.06 ,70.105
2018-05-04 17:00:00,70.105,70.105,69.935,69.98
2018-05-04 18:00:00,69.98 ,69.98 ,69.83 ,69.83
2018-05-04 19:00:00,69.83 ,69.865,69.755,69.855
2018-05-04 20:00:00,69.855,69.855,69.855,69.855
2018-05-07 14:00:00,70.38 ,70.53 ,70.38 ,70.53
2018-05-07 15:00:00,70.53 ,70.59 ,70.47 ,70.59
2018-05-07 16:00:00,70.59 ,70.59 ,70.415,70.43
2018-05-07 17:00:00,70.43 ,70.43 ,70.29 ,70.34
2018-05-07 18:00:00,70.34 ,70.355,69.985,69.985
2018-05-07 19:00:00,69.985,69.985,69.63 ,69.72
2018-05-07 20:00:00,69.72 ,69.72 ,69.72 ,69.72
2018-05-08 14:00:00,69.11 ,69.575,69.11 ,69.49
2018-05-08 15:00:00,69.49 ,69.635,68.95 ,69.635
2018-05-08 16:00:00,69.635,69.65 ,69.465,69.475
2018-05-08 17:00:00,69.475,69.71 ,69.475,69.55
2018-05-08 18:00:00,69.55 ,70.115,69.55 ,69.89
2018-05-08 19:00:00,69.86 ,70.095,69.86 ,70.02
2018-05-08 20:00:00,70.02 ,70.02 ,70.02 ,70.02
2018-05-09 14:00:00,71.25 ,71.7  ,71.23 ,71.38
2018-05-09 15:00:00,71.46 ,71.6  ,71.305,71.54
2018-05-09 16:00:00,71.545,71.895,71.53 ,71.87
2018-05-09 17:00:00,71.895,71.94 ,71.78 ,71.94
2018-05-09 18:00:00,71.975,71.975,71.795,71.9
2018-05-09 19:00:00,71.89 ,71.895,71.68 ,71.685
2018-05-09 20:00:00,71.685,71.685,71.685,71.685
2018-05-10 14:00:00,71.0  ,71.1  ,70.73 ,70.9
2018-05-10 15:00:00,70.92 ,71.28 ,70.91 ,71.105
2018-05-10 16:00:00,71.1  ,71.125,71.0  ,71.035
2018-05-10 17:00:00,71.015,71.1  ,70.935,71.005
2018-05-10 18:00:00,70.95 ,71.09 ,70.91 ,71.04
2018-05-10 19:00:00,71.035,71.035,70.94 ,71.01
2018-05-10 20:00:00,71.01 ,71.01 ,71.01 ,71.01
2018-05-11 14:00:00,71.82 ,71.855,71.59 ,71.83
2018-05-11 15:00:00,71.83 ,72.125,71.83 ,72.11
2018-05-11 16:00:00,72.155,72.27 ,72.065,72.22
2018-05-11 17:00:00,72.22 ,72.22 ,72.08 ,72.165
2018-05-11 18:00:00,72.165,72.23 ,71.95 ,71.99
2018-05-11 19:00:00,71.99 ,72.005,71.915,71.99
2018-05-11 20:00:00,71.99 ,71.99 ,71.99 ,71.99
2018-05-14 14:00:00,72.385,72.385,72.1  ,72.215
2018-05-14 15:00:00,72.215,72.415,72.195,72.335
2018-05-14 16:00:00,72.345,72.35 ,72.205,72.215
2018-05-14 17:00:00,72.2  ,72.215,72.025,72.025
2018-05-14 18:00:00,72.025,72.115,71.965,72.105
2018-05-14 19:00:00,72.095,72.18 ,72.06 ,72.155
2018-05-14 20:00:00,72.155,72.155,72.155,72.155
2018-05-15 14:00:00,72.175,72.995,72.175,72.97
2018-05-15 15:00:00,72.97 ,72.97 ,72.705,72.775
2018-05-15 16:00:00,72.775,72.955,72.695,72.905
2018-05-15 17:00:00,72.925,72.925,72.785,72.785
2018-05-15 18:00:00,72.785,72.785,72.7  ,72.78
2018-05-15 19:00:00,72.78 ,72.78 ,72.535,72.66
2018-05-15 20:00:00,72.66 ,72.66 ,72.66 ,72.66
2018-05-16 14:00:00,72.37 ,72.49 ,72.2  ,72.2
2018-05-16 15:00:00,72.2  ,72.27 ,72.11 ,72.145
2018-05-16 16:00:00,72.145,72.33 ,72.145,72.315
2018-05-16 17:00:00,72.315,72.35 ,72.305,72.35
2018-05-16 18:00:00,72.355,72.465,72.3  ,72.335
2018-05-16 19:00:00,72.335,72.395,72.29 ,72.395
2018-05-16 20:00:00,72.395,72.395,72.395,72.395
2018-05-17 14:00:00,73.06 ,73.555,73.03 ,73.54
2018-05-17 15:00:00,73.54 ,73.695,73.495,73.54
2018-05-17 16:00:00,73.54 ,73.655,73.52 ,73.52
2018-05-17 17:00:00,73.52 ,73.52 ,73.285,73.285
2018-05-17 18:00:00,73.225,73.28 ,73.12 ,73.28
2018-05-17 19:00:00,73.28 ,73.37 ,73.23 ,73.335
2018-05-17 20:00:00,73.335,73.335,73.335,73.335
2018-05-18 14:00:00,73.305,73.305,72.905,73.04
2018-05-18 15:00:00,73.06 ,73.225,73.055,73.11
2018-05-18 16:00:00,73.11 ,73.11 ,73.11 ,73.11
2018-05-18 17:00:00,73.11 ,73.11 ,72.8  ,72.85
2018-05-18 18:00:00,72.85 ,72.85 ,72.695,72.7
2018-05-18 19:00:00,72.7  ,72.72 ,72.62 ,72.65
2018-05-18 20:00:00,72.65 ,72.65 ,72.65 ,72.65
2018-05-21 14:00:00,73.355,73.665,73.29 ,73.56
2018-05-21 15:00:00,73.575,73.835,73.575,73.835
2018-05-21 16:00:00,73.835,73.855,73.7  ,73.71
2018-05-21 17:00:00,73.71 ,73.75 ,73.7  ,73.735
2018-05-21 18:00:00,73.75 ,73.75 ,73.58 ,73.615
2018-05-21 19:00:00,73.615,73.7  ,73.585,73.64
2018-05-21 20:00:00,73.64 ,73.64 ,73.64 ,73.64
2018-05-22 14:00:00,73.44 ,73.52 ,73.22 ,73.47
2018-05-22 15:00:00,73.47 ,73.69 ,73.47 ,73.66
2018-05-22 16:00:00,73.66 ,73.78 ,73.48 ,73.48
2018-05-22 17:00:00,73.48 ,73.48 ,73.275,73.345
2018-05-22 18:00:00,73.335,73.405,72.91 ,72.92
2018-05-22 19:00:00,72.87 ,72.87 ,72.585,72.71
2018-05-22 20:00:00,72.71 ,72.71 ,72.71 ,72.71
2018-05-23 14:00:00,70.925,71.12 ,70.335,70.435
2018-05-23 15:00:00,70.435,70.875,70.435,70.795
2018-05-23 16:00:00,70.795,70.93 ,70.795,70.875
2018-05-23 17:00:00,70.875,70.875,70.695,70.725
2018-05-23 18:00:00,70.71 ,71.03 ,70.71 ,70.92
2018-05-23 19:00:00,70.92 ,70.94 ,70.85 ,70.875
2018-05-23 20:00:00,70.875,70.875,70.875,70.875
2018-05-24 14:00:00,69.995,70.22 ,69.665,69.665
2018-05-24 15:00:00,69.665,69.81 ,69.47 ,69.555
2018-05-24 16:00:00,69.555,69.77 ,69.555,69.765
2018-05-24 17:00:00,69.765,70.025,69.765,69.91
2018-05-24 18:00:00,69.89 ,69.89 ,69.68 ,69.71
2018-05-24 19:00:00,69.71 ,69.8  ,69.685,69.72
2018-05-24 20:00:00,69.72 ,69.72 ,69.72 ,69.72
2018-05-25 14:00:00,67.85 ,68.07 ,67.63 ,68.025
2018-05-25 15:00:00,67.995,68.17 ,67.825,67.905
2018-05-25 16:00:00,67.895,68.01 ,67.745,67.815
2018-05-25 17:00:00,67.815,68.09 ,67.795,68.07
2018-05-25 18:00:00,68.035,68.08 ,67.975,67.975
2018-05-25 19:00:00,67.975,68.215,67.935,68.18
2018-05-25 20:00:00,68.18 ,68.18 ,68.18 ,68.18
2018-05-28 14:00:00,68.18 ,68.18 ,68.18 ,68.18
2018-05-28 15:00:00,68.18 ,68.18 ,68.18 ,68.18
2018-05-28 16:00:00,68.18 ,68.18 ,68.18 ,68.18
2018-05-28 17:00:00,68.18 ,68.18 ,68.18 ,68.18
2018-05-28 18:00:00,68.18 ,68.18 ,68.18 ,68.18
2018-05-28 19:00:00,68.18 ,68.18 ,68.18 ,68.18
2018-05-28 20:00:00,68.18 ,68.18 ,68.18 ,68.18
2018-05-29 14:00:00,67.885,68.09 ,67.885,67.96
2018-05-29 15:00:00,67.88 ,67.9  ,67.54 ,67.54
2018-05-29 16:00:00,67.43 ,67.44 ,67.245,67.295
2018-05-29 17:00:00,67.295,67.355,67.18 ,67.31
2018-05-29 18:00:00,67.31 ,67.4  ,67.2  ,67.2
2018-05-29 19:00:00,67.2  ,67.375,67.115,67.3
2018-05-29 20:00:00,67.3  ,67.3  ,67.3  ,67.3
2018-05-30 14:00:00,68.43 ,69.05 ,68.43 ,69.05
2018-05-30 15:00:00,69.11 ,69.65 ,69.05 ,69.525
2018-05-30 16:00:00,69.53 ,69.565,69.265,69.39
2018-05-30 17:00:00,69.39 ,69.59 ,69.35 ,69.49
2018-05-30 18:00:00,69.49 ,69.57 ,69.405,69.57
2018-05-30 19:00:00,69.57 ,69.61 ,69.415,69.535
2018-05-30 20:00:00,69.535,69.535,69.535,69.535
2018-05-31 14:00:00,69.49 ,69.63 ,69.255,69.42
2018-05-31 15:00:00,69.51 ,69.795,69.12 ,69.31
2018-05-31 16:00:00,69.305,69.55 ,69.265,69.51
2018-05-31 17:00:00,69.6  ,69.6  ,69.415,69.415
2018-05-31 18:00:00,69.38 ,69.645,69.325,69.545
2018-05-31 19:00:00,69.55 ,69.67 ,69.545,69.65
2018-05-31 20:00:00,69.65 ,69.65 ,69.65 ,69.65
2018-06-01 14:00:00,69.77 ,69.94 ,69.61 ,69.895
2018-06-01 15:00:00,69.9  ,69.985,69.79 ,69.955
2018-06-01 16:00:00,69.945,70.045,69.765,69.805
2018-06-01 17:00:00,69.835,69.885,69.75 ,69.765
2018-06-01 18:00:00,69.745,69.825,69.62 ,69.815
2018-06-01 19:00:00,69.815,69.845,69.66 ,69.705
2018-06-01 20:00:00,69.705,69.705,69.705,69.705
2018-06-04 14:00:00,70.3  ,70.33 ,69.665,69.725
2018-06-04 15:00:00,69.69 ,69.945,69.59 ,69.945
2018-06-04 16:00:00,69.94 ,69.955,69.615,69.615
2018-06-04 17:00:00,69.555,69.635,69.48 ,69.48
2018-06-04 18:00:00,69.48 ,69.48 ,69.335,69.335
2018-06-04 19:00:00,69.335,69.405,69.285,69.315
2018-06-04 20:00:00,69.315,69.315,69.315,69.315
2018-06-05 14:00:00,69.005,69.265,68.93 ,69.265
2018-06-05 15:00:00,69.255,69.395,69.155,69.275
2018-06-05 16:00:00,69.275,69.485,69.275,69.375
2018-06-05 17:00:00,69.375,69.455,69.155,69.265
2018-06-05 18:00:00,69.265,69.265,69.025,69.095
2018-06-05 19:00:00,69.075,69.075,68.79 ,68.8
2018-06-05 20:00:00,68.8  ,68.8  ,68.8  ,68.8
2018-06-06 14:00:00,69.325,69.445,68.955,69.2
2018-06-06 15:00:00,69.195,69.355,69.135,69.3
2018-06-06 16:00:00,69.33 ,69.33 ,69.135,69.145
2018-06-06 17:00:00,69.145,69.195,69.125,69.13
2018-06-06 18:00:00,69.13 ,69.38 ,69.065,69.345
2018-06-06 19:00:00,69.345,69.345,69.1  ,69.1
2018-06-06 20:00:00,69.1  ,69.1  ,69.1  ,69.1
2018-06-07 14:00:00,70.21 ,70.315,69.98 ,70.23
2018-06-07 15:00:00,70.23 ,70.705,70.23 ,70.655
2018-06-07 16:00:00,70.675,70.705,70.435,70.485
2018-06-07 17:00:00,70.485,70.485,69.98 ,69.98
2018-06-07 18:00:00,69.98 ,70.19 ,69.96 ,70.13
2018-06-07 19:00:00,70.145,70.145,70.04 ,70.105
2018-06-07 20:00:00,70.105,70.105,70.105,70.105
2018-06-08 14:00:00,69.94 ,69.955,69.7  ,69.76
2018-06-08 15:00:00,69.76 ,69.915,69.52 ,69.72
2018-06-08 16:00:00,69.72 ,69.9  ,69.72 ,69.895
2018-06-08 17:00:00,69.895,69.955,69.885,69.905
2018-06-08 18:00:00,69.915,69.94 ,69.855,69.94
2018-06-08 19:00:00,69.94 ,69.96 ,69.86 ,69.92
2018-06-08 20:00:00,69.92 ,69.92 ,69.92 ,69.92
2018-06-11 14:00:00,70.075,70.475,70.075,70.295
2018-06-11 15:00:00,70.305,70.635,70.275,70.585
2018-06-11 16:00:00,70.585,70.59 ,70.455,70.545
2018-06-11 17:00:00,70.545,70.585,70.495,70.505
2018-06-11 18:00:00,70.515,70.545,70.46 ,70.495
2018-06-11 19:00:00,70.5  ,70.52 ,70.42 ,70.41
2018-06-11 20:00:00,70.41 ,70.41 ,70.41 ,70.41
2018-06-12 14:00:00,69.565,69.73 ,69.51 ,69.71
2018-06-12 15:00:00,69.7  ,69.735,69.42 ,69.45
2018-06-12 16:00:00,69.45 ,69.45 ,69.24 ,69.24
2018-06-12 17:00:00,69.23 ,69.235,68.88 ,68.915
2018-06-12 18:00:00,68.915,68.915,68.635,68.77
2018-06-12 19:00:00,68.76 ,68.98 ,68.745,68.88
2018-06-12 20:00:00,68.88 ,68.88 ,68.88 ,68.88
2018-06-13 14:00:00,68.55 ,68.82 ,68.41 ,68.765
2018-06-13 15:00:00,68.75 ,68.84 ,68.57 ,68.645
2018-06-13 16:00:00,68.645,68.66 ,68.46 ,68.46
2018-06-13 17:00:00,68.46 ,68.695,68.46 ,68.67
2018-06-13 18:00:00,68.67 ,68.67 ,68.3  ,68.65
2018-06-13 19:00:00,68.65 ,68.785,68.485,68.485
2018-06-13 20:00:00,68.485,68.485,68.485,68.485
2018-06-14 14:00:00,69.31 ,69.58 ,69.09 ,69.29
2018-06-14 15:00:00,69.29 ,69.79 ,69.285,69.445
2018-06-14 16:00:00,69.395,69.465,69.285,69.335
2018-06-14 17:00:00,69.325,69.395,69.275,69.275
2018-06-14 18:00:00,69.255,69.27 ,69.175,69.175
2018-06-14 19:00:00,69.175,69.22 ,69.125,69.175
2018-06-14 20:00:00,69.175,69.175,69.175,69.175
2018-06-15 14:00:00,67.685,67.79 ,67.4  ,67.63
2018-06-15 15:00:00,67.63 ,67.63 ,67.01 ,67.22
2018-06-15 16:00:00,67.205,67.325,67.19 ,67.21
2018-06-15 17:00:00,67.21 ,67.275,67.125,67.275
2018-06-15 18:00:00,67.275,67.45 ,67.2  ,67.45
2018-06-15 19:00:00,67.385,67.39 ,67.18 ,67.235
2018-06-15 20:00:00,67.235,67.235,67.235,67.235
2018-06-18 14:00:00,67.9  ,67.9  ,67.6  ,67.66
2018-06-18 15:00:00,67.66 ,67.82 ,67.545,67.69
2018-06-18 16:00:00,67.69 ,67.69 ,67.57 ,67.595
2018-06-18 17:00:00,67.62 ,67.8  ,67.58 ,67.78
2018-06-18 18:00:00,67.78 ,67.835,67.6  ,67.6
2018-06-18 19:00:00,67.6  ,67.63 ,67.445,67.595
2018-06-18 20:00:00,67.595,67.595,67.595,67.595
2018-06-19 14:00:00,67.085,67.32 ,66.96 ,67.32
2018-06-19 15:00:00,67.305,67.625,67.305,67.495
2018-06-19 16:00:00,67.495,67.56 ,67.425,67.495
2018-06-19 17:00:00,67.495,67.495,67.36 ,67.455
2018-06-19 18:00:00,67.47 ,67.635,67.445,67.535
2018-06-19 19:00:00,67.545,67.545,67.415,67.485
2018-06-19 20:00:00,67.485,67.485,67.485,67.485
2018-06-20 14:00:00,67.63 ,67.64 ,67.09 ,67.095
2018-06-20 15:00:00,67.06 ,67.41 ,66.93 ,67.41
2018-06-20 16:00:00,67.38 ,67.435,66.91 ,66.94
2018-06-20 17:00:00,66.94 ,67.11 ,66.94 ,67.11
2018-06-20 18:00:00,67.11 ,67.28 ,66.945,66.96
2018-06-20 19:00:00,66.98 ,67.105,66.945,67.025
2018-06-20 20:00:00,67.025,67.025,67.025,67.025
2018-06-21 14:00:00,66.45 ,66.85 ,66.45 ,66.765
2018-06-21 15:00:00,66.765,66.87 ,66.66 ,66.855
2018-06-21 16:00:00,66.855,66.855,66.855,66.855
2018-06-21 17:00:00,66.695,66.755,66.625,66.635
2018-06-21 18:00:00,66.635,66.695,66.45 ,66.46
2018-06-21 19:00:00,66.44 ,66.51 ,66.36 ,66.44
2018-06-21 20:00:00,66.44 ,66.44 ,66.44 ,66.44
2018-06-22 14:00:00,69.15 ,69.25 ,68.77 ,69.25
2018-06-22 15:00:00,69.325,69.43 ,69.16 ,69.34
2018-06-22 16:00:00,69.34 ,69.445,69.315,69.445
2018-06-22 17:00:00,69.445,69.6  ,69.445,69.585
2018-06-22 18:00:00,69.585,69.6  ,69.355,69.405
2018-06-22 19:00:00,69.405,69.44 ,69.31 ,69.38
2018-06-22 20:00:00,69.38 ,69.38 ,69.38 ,69.38
2018-06-25 14:00:00,67.56 ,67.56 ,67.315,67.33
2018-06-25 15:00:00,67.405,67.455,67.22 ,67.37
2018-06-25 16:00:00,67.37 ,67.405,67.225,67.395
2018-06-25 17:00:00,67.395,67.44 ,67.295,67.385
2018-06-25 18:00:00,67.385,67.465,67.165,67.205
2018-06-25 19:00:00,67.205,67.465,67.175,67.335
2018-06-25 20:00:00,67.335,67.335,67.335,67.335
2018-06-26 14:00:00,68.205,68.265,67.88 ,67.915
2018-06-26 15:00:00,67.94 ,68.375,67.9  ,68.375
2018-06-26 16:00:00,68.375,68.455,68.25 ,68.285
2018-06-26 17:00:00,68.275,68.42 ,68.265,68.365
2018-06-26 18:00:00,68.365,68.405,68.305,68.395
2018-06-26 19:00:00,68.395,68.47 ,68.23 ,68.255
2018-06-26 20:00:00,68.255,68.255,68.255,68.255
2018-06-27 14:00:00,69.565,69.72 ,69.43 ,69.465
2018-06-27 15:00:00,69.465,69.515,69.165,69.3
2018-06-27 16:00:00,69.3  ,69.525,69.3  ,69.415
2018-06-27 17:00:00,69.415,69.415,69.3  ,69.335
2018-06-27 18:00:00,69.32 ,69.365,69.15 ,69.15
2018-06-27 19:00:00,69.15 ,69.15 ,69.0  ,69.075
2018-06-27 20:00:00,69.075,69.075,69.075,69.075
2018-06-28 14:00:00,68.565,69.08 ,68.565,69.08
2018-06-28 15:00:00,69.095,69.27 ,68.865,69.165
2018-06-28 16:00:00,69.165,69.195,69.095,69.195
2018-06-28 17:00:00,69.195,69.385,69.195,69.335
2018-06-28 18:00:00,69.335,69.38 ,69.225,69.38
2018-06-28 19:00:00,69.365,69.365,69.175,69.27
2018-06-28 20:00:00,69.27 ,69.27 ,69.27 ,69.27
2018-06-29 14:00:00,69.98 ,70.0  ,69.745,69.9
2018-06-29 15:00:00,69.9  ,69.9  ,69.395,69.395
2018-06-29 16:00:00,69.395,69.445,69.355,69.42
2018-06-29 17:00:00,69.42 ,69.49 ,69.36 ,69.405
2018-06-29 18:00:00,69.405,69.5  ,69.36 ,69.38
2018-06-29 19:00:00,69.38 ,69.415,69.22 ,69.225
2018-06-29 20:00:00,69.225,69.225,69.225,69.225
2018-07-02 14:00:00,68.26 ,68.515,68.15 ,68.45
2018-07-02 15:00:00,68.405,68.545,68.225,68.345
2018-07-02 16:00:00,68.345,68.355,68.19 ,68.3
2018-07-02 17:00:00,68.3  ,68.345,68.14 ,68.325
2018-07-02 18:00:00,68.325,68.365,68.24 ,68.365
2018-07-02 19:00:00,68.365,68.435,68.23 ,68.385
2018-07-02 20:00:00,68.385,68.385,68.385,68.385
2018-07-03 14:00:00,69.54 ,69.54 ,68.88 ,68.88
2018-07-03 15:00:00,68.88 ,68.985,68.75 ,68.985
2018-07-03 16:00:00,69.045,69.045,68.865,68.9
2018-07-03 17:00:00,68.9  ,68.9  ,68.9  ,68.9
2018-07-03 18:00:00,68.9  ,68.9  ,68.9  ,68.9
2018-07-03 19:00:00,68.9  ,68.9  ,68.9  ,68.9
2018-07-03 20:00:00,68.9  ,68.9  ,68.9  ,68.9
2018-07-04 14:00:00,68.9  ,68.9  ,68.9  ,68.9
2018-07-04 15:00:00,68.9  ,68.9  ,68.9  ,68.9
2018-07-04 16:00:00,68.9  ,68.9  ,68.9  ,68.9
2018-07-04 17:00:00,68.9  ,68.9  ,68.9  ,68.9
2018-07-04 18:00:00,68.9  ,68.9  ,68.9  ,68.9
2018-07-04 19:00:00,68.9  ,68.9  ,68.9  ,68.9
2018-07-04 20:00:00,68.9  ,68.9  ,68.9  ,68.9
2018-07-05 14:00:00,69.28 ,69.405,69.195,69.345
2018-07-05 15:00:00,69.14 ,69.33 ,69.01 ,69.33
2018-07-05 16:00:00,69.33 ,69.385,69.15 ,69.15
2018-07-05 17:00:00,69.15 ,69.205,69.125,69.155
2018-07-05 18:00:00,69.155,69.255,68.935,69.01
2018-07-05 19:00:00,69.01 ,69.11 ,69.01 ,69.065
2018-07-05 20:00:00,69.065,69.065,69.065,69.065
2018-07-06 14:00:00,69.045,69.27 ,69.045,69.27
2018-07-06 15:00:00,69.27 ,69.485,69.27 ,69.37
2018-07-06 16:00:00,69.37 ,69.455,69.37 ,69.375
2018-07-06 17:00:00,69.375,69.505,69.375,69.47
2018-07-06 18:00:00,69.47 ,69.555,69.46 ,69.49
2018-07-06 19:00:00,69.49 ,69.6  ,69.38 ,69.49
2018-07-06 20:00:00,69.49 ,69.49 ,69.49 ,69.49
2018-07-09 14:00:00,70.52 ,70.66 ,70.315,70.66
2018-07-09 15:00:00,70.66 ,70.785,70.37 ,70.37
2018-07-09 16:00:00,70.37 ,70.505,70.37 ,70.485
2018-07-09 17:00:00,70.485,70.49 ,70.43 ,70.475
2018-07-09 18:00:00,70.475,70.65 ,70.475,70.65
2018-07-09 19:00:00,70.65 ,70.825,70.595,70.805
2018-07-09 20:00:00,70.805,70.805,70.805,70.805
2018-07-10 14:00:00,71.685,71.795,71.38 ,71.485
2018-07-10 15:00:00,71.515,71.64 ,71.385,71.455
2018-07-10 16:00:00,71.455,71.455,71.305,71.31
2018-07-10 17:00:00,71.365,71.365,71.305,71.365
2018-07-10 18:00:00,71.385,71.45 ,71.345,71.355
2018-07-10 19:00:00,71.38 ,71.415,71.29 ,71.31
2018-07-10 20:00:00,71.31 ,71.31 ,71.31 ,71.31
2018-07-11 14:00:00,70.345,70.495,70.045,70.065
2018-07-11 15:00:00,70.06 ,70.085,69.66 ,69.8
2018-07-11 16:00:00,69.8  ,69.905,69.69 ,69.69
2018-07-11 17:00:00,69.69 ,69.69 ,69.32 ,69.32
2018-07-11 18:00:00,69.31 ,69.515,69.04 ,69.435
2018-07-11 19:00:00,69.435,69.475,69.17 ,69.255
2018-07-11 20:00:00,69.255,69.255,69.255,69.255
2018-07-12 14:00:00,69.825,69.91 ,69.615,69.755
2018-07-12 15:00:00,69.755,69.825,69.525,69.63
2018-07-12 16:00:00,69.69 ,69.73 ,69.505,69.56
2018-07-12 17:00:00,69.56 ,69.6  ,69.455,69.48
2018-07-12 18:00:00,69.48 ,69.555,69.345,69.45
2018-07-12 19:00:00,69.445,69.58 ,69.405,69.435
2018-07-12 20:00:00,69.435,69.435,69.435,69.435
2018-07-13 14:00:00,69.42 ,69.895,69.42 ,69.89
2018-07-13 15:00:00,69.88 ,69.955,69.8  ,69.865
2018-07-13 16:00:00,69.865,69.99 ,69.865,69.97
2018-07-13 17:00:00,69.97 ,70.08 ,69.855,70.08
2018-07-13 18:00:00,70.115,70.155,69.835,69.875
2018-07-13 19:00:00,69.905,70.01 ,69.88 ,70.0
2018-07-13 20:00:00,70.0  ,70.0  ,70.0  ,70.0
2018-07-16 14:00:00,68.78 ,68.83 ,68.46 ,68.46
2018-07-16 15:00:00,68.46 ,68.7  ,68.46 ,68.69
2018-07-16 16:00:00,68.69 ,68.81 ,68.575,68.805
2018-07-16 17:00:00,68.81 ,68.82 ,68.675,68.675
2018-07-16 18:00:00,68.66 ,68.91 ,68.66 ,68.91
2018-07-16 19:00:00,68.92 ,69.11 ,68.92 ,69.105
2018-07-16 20:00:00,69.105,69.105,69.105,69.105
2018-07-17 14:00:00,68.515,68.93 ,68.515,68.88
2018-07-17 15:00:00,68.9  ,68.975,68.77 ,68.81
2018-07-17 16:00:00,68.81 ,68.96 ,68.765,68.96
2018-07-17 17:00:00,68.96 ,69.12 ,68.91 ,69.11
2018-07-17 18:00:00,69.11 ,69.11 ,68.81 ,68.82
2018-07-17 19:00:00,68.82 ,68.83 ,68.765,68.775
2018-07-17 20:00:00,68.775,68.775,68.775,68.775
2018-07-18 14:00:00,68.1  ,68.62 ,68.07 ,68.62
2018-07-18 15:00:00,68.68 ,68.885,68.585,68.885
2018-07-18 16:00:00,68.885,69.07 ,68.885,68.905
2018-07-18 17:00:00,68.885,68.94 ,68.825,68.885
2018-07-18 18:00:00,68.885,68.995,68.805,68.98
2018-07-18 19:00:00,68.98 ,68.98 ,68.855,68.905
2018-07-18 20:00:00,68.905,68.905,68.905,68.905
2018-07-19 14:00:00,69.22 ,69.48 ,69.125,69.125
2018-07-19 15:00:00,69.09 ,69.16 ,68.93 ,68.98
2018-07-19 16:00:00,68.98 ,69.08 ,68.93 ,68.97
2018-07-19 17:00:00,68.97 ,69.29 ,68.96 ,69.26
2018-07-19 18:00:00,69.26 ,69.365,69.23 ,69.23
2018-07-19 19:00:00,69.23 ,69.26 ,69.145,69.18
2018-07-19 20:00:00,69.18 ,69.18 ,69.18 ,69.18
2018-07-20 14:00:00,69.805,69.805,69.34 ,69.47
2018-07-20 15:00:00,69.47 ,69.64 ,69.47 ,69.565
2018-07-20 16:00:00,69.565,69.585,69.47 ,69.585
2018-07-20 17:00:00,69.585,69.685,69.585,69.625
2018-07-20 18:00:00,69.63 ,69.695,69.575,69.575
2018-07-20 19:00:00,69.56 ,69.68 ,69.525,69.525
2018-07-20 20:00:00,69.525,69.525,69.525,69.525
2018-07-23 14:00:00,70.125,70.125,69.95 ,69.98
2018-07-23 15:00:00,69.98 ,69.98 ,69.605,69.8
2018-07-23 16:00:00,69.725,69.725,69.44 ,69.48
2018-07-23 17:00:00,69.48 ,69.57 ,69.47 ,69.47
2018-07-23 18:00:00,69.47 ,69.58 ,69.43 ,69.45
2018-07-23 19:00:00,69.45 ,69.45 ,69.38 ,69.415
2018-07-23 20:00:00,69.415,69.415,69.415,69.415
2018-07-24 14:00:00,70.04 ,70.59 ,70.04 ,70.54
2018-07-24 15:00:00,70.535,70.545,70.21 ,70.29
2018-07-24 16:00:00,70.29 ,70.29 ,70.165,70.195
2018-07-24 17:00:00,70.225,70.25 ,70.075,70.14
2018-07-24 18:00:00,70.14 ,70.14 ,70.025,70.08
2018-07-24 19:00:00,70.11 ,70.225,70.105,70.225
2018-07-24 20:00:00,70.225,70.225,70.225,70.225
2018-07-25 14:00:00,69.72 ,70.005,69.53 ,69.59
2018-07-25 15:00:00,69.59 ,70.09 ,69.585,70.09
2018-07-25 16:00:00,70.09 ,70.23 ,70.08 ,70.19
2018-07-25 17:00:00,70.19 ,70.23 ,70.06 ,70.21
2018-07-25 18:00:00,70.24 ,70.285,69.94 ,70.035
2018-07-25 19:00:00,70.035,70.46 ,69.985,70.305
2018-07-25 20:00:00,70.305,70.305,70.305,70.305
2018-07-26 14:00:00,67.62 ,67.685,67.365,67.445
2018-07-26 15:00:00,67.525,67.97 ,67.525,67.94
2018-07-26 16:00:00,67.94 ,68.04 ,67.88 ,67.89
2018-07-26 17:00:00,67.89 ,68.04 ,67.85 ,67.85
2018-07-26 18:00:00,67.82 ,67.86 ,67.76 ,67.86
2018-07-26 19:00:00,67.86 ,67.95 ,67.71 ,67.755
2018-07-26 20:00:00,67.755,67.755,67.755,67.755
2018-07-27 14:00:00,68.385,68.555,68.125,68.22
2018-07-27 15:00:00,68.25 ,68.55 ,68.25 ,68.525
2018-07-27 16:00:00,68.495,68.495,67.985,67.985
2018-07-27 17:00:00,67.98 ,68.1  ,67.955,68.045
2018-07-27 18:00:00,68.04 ,68.055,67.835,67.845
2018-07-27 19:00:00,67.865,68.05 ,67.865,68.02
2018-07-27 20:00:00,68.02 ,68.02 ,68.02 ,68.02
2018-07-30 14:00:00,68.285,68.37 ,68.19 ,68.37
2018-07-30 15:00:00,68.37 ,68.37 ,68.245,68.28
2018-07-30 16:00:00,68.28 ,68.305,68.22 ,68.29
2018-07-30 17:00:00,68.29 ,68.33 ,68.27 ,68.33
2018-07-30 18:00:00,68.33 ,68.405,68.25 ,68.25
2018-07-30 19:00:00,68.25 ,68.285,68.175,68.255
2018-07-30 20:00:00,68.255,68.255,68.255,68.255
2018-07-31 14:00:00,68.78 ,68.82 ,68.555,68.66
2018-07-31 15:00:00,68.64 ,68.875,68.605,68.835
2018-07-31 16:00:00,68.825,68.94 ,68.8  ,68.8
2018-07-31 17:00:00,68.8  ,68.8  ,68.66 ,68.68
2018-07-31 18:00:00,68.68 ,68.745,68.465,68.485
2018-07-31 19:00:00,68.485,68.485,68.315,68.385
2018-07-31 20:00:00,68.385,68.385,68.385,68.385
2018-08-01 14:00:00,67.46 ,67.605,67.415,67.58
2018-08-01 15:00:00,67.585,67.62 ,67.26 ,67.345
2018-08-01 16:00:00,67.34 ,67.43 ,67.29 ,67.43
2018-08-01 17:00:00,67.43 ,67.465,67.42 ,67.42
2018-08-01 18:00:00,67.42 ,67.575,67.37 ,67.575
2018-08-01 19:00:00,67.58 ,67.61 ,67.535,67.52
2018-08-01 20:00:00,67.52 ,67.52 ,67.52 ,67.52
2018-08-02 14:00:00,66.095,66.35 ,65.735,65.755
2018-08-02 15:00:00,65.755,66.175,65.755,66.1
2018-08-02 16:00:00,66.1  ,66.38 ,66.075,66.235
2018-08-02 17:00:00,66.25 ,66.365,66.22 ,66.34
2018-08-02 18:00:00,66.34 ,66.34 ,66.15 ,66.16
2018-08-02 19:00:00,66.16 ,66.195,66.12 ,66.125
2018-08-02 20:00:00,66.125,66.125,66.125,66.125
2018-08-03 14:00:00,66.125,66.35 ,66.0  ,66.22
2018-08-03 15:00:00,66.175,66.395,66.125,66.15
2018-08-03 16:00:00,66.135,66.325,66.135,66.225
2018-08-03 17:00:00,66.225,66.245,66.185,66.2
2018-08-03 18:00:00,66.2  ,66.25 ,66.16 ,66.175
2018-08-03 19:00:00,66.175,66.32 ,66.165,66.315
2018-08-03 20:00:00,66.315,66.315,66.315,66.315
2018-08-06 14:00:00,66.04 ,66.4  ,65.99 ,66.4
2018-08-06 15:00:00,66.4  ,66.41 ,66.26 ,66.355
2018-08-06 16:00:00,66.355,66.375,66.3  ,66.305
2018-08-06 17:00:00,66.29 ,66.29 ,66.135,66.14
2018-08-06 18:00:00,66.13 ,66.3  ,66.1  ,66.285
2018-08-06 19:00:00,66.285,66.285,66.16 ,66.185
2018-08-06 20:00:00,66.185,66.185,66.185,66.185
2018-08-07 14:00:00,67.365,67.445,67.245,67.35
2018-08-07 15:00:00,67.35 ,67.35 ,67.06 ,67.085
2018-08-07 16:00:00,67.085,67.085,67.015,67.08
2018-08-07 17:00:00,67.08 ,67.09 ,67.01 ,67.01
2018-08-07 18:00:00,67.01 ,67.01 ,66.84 ,66.84
2018-08-07 19:00:00,66.84 ,66.94 ,66.825,66.905
2018-08-07 20:00:00,66.905,66.905,66.905,66.905
2018-08-08 14:00:00,66.965,67.2  ,66.905,67.095
2018-08-08 15:00:00,67.105,67.155,66.87 ,66.885
2018-08-08 16:00:00,66.875,66.89 ,66.74 ,66.8
2018-08-08 17:00:00,66.8  ,67.08 ,66.79 ,67.08
2018-08-08 18:00:00,67.08 ,67.12 ,67.06 ,67.09
2018-08-08 19:00:00,67.09 ,67.275,67.09 ,67.245
2018-08-08 20:00:00,67.245,67.245,67.245,67.245
2018-08-09 14:00:00,66.005,66.205,66.005,66.07
2018-08-09 15:00:00,66.07 ,66.115,65.8  ,65.8
2018-08-09 16:00:00,65.8  ,65.825,65.72 ,65.815
2018-08-09 17:00:00,65.815,65.85 ,65.77 ,65.84
2018-08-09 18:00:00,65.84 ,65.84 ,65.72 ,65.72
2018-08-09 19:00:00,65.75 ,65.805,65.685,65.735
2018-08-09 20:00:00,65.735,65.735,65.735,65.735
2018-08-10 14:00:00,64.735,64.87 ,64.43 ,64.565
2018-08-10 15:00:00,64.565,64.75 ,64.44 ,64.63
2018-08-10 16:00:00,64.63 ,64.67 ,64.585,64.66
2018-08-10 17:00:00,64.66 ,64.69 ,64.57 ,64.64
2018-08-10 18:00:00,64.64 ,64.75 ,64.64 ,64.74
2018-08-10 19:00:00,64.74 ,64.91 ,64.69 ,64.835
2018-08-10 20:00:00,64.835,64.835,64.835,64.835
2018-08-13 14:00:00,64.62 ,64.695,64.605,64.635
2018-08-13 15:00:00,64.635,64.72 ,64.395,64.4
2018-08-13 16:00:00,64.4  ,64.4  ,64.095,64.14
2018-08-13 17:00:00,64.13 ,64.22 ,64.03 ,64.18
2018-08-13 18:00:00,64.18 ,64.405,64.18 ,64.395
2018-08-13 19:00:00,64.395,64.395,64.125,64.13
2018-08-13 20:00:00,64.13 ,64.13 ,64.13 ,64.13
2018-08-14 14:00:00,64.115,64.155,63.87 ,64.07
2018-08-14 15:00:00,64.07 ,64.07 ,63.65 ,63.665
2018-08-14 16:00:00,63.645,63.695,63.56 ,63.62
2018-08-14 17:00:00,63.62 ,63.7  ,63.57 ,63.7
2018-08-14 18:00:00,63.7  ,63.725,63.63 ,63.63
2018-08-14 19:00:00,63.63 ,63.765,63.63 ,63.685
2018-08-14 20:00:00,63.685,63.685,63.685,63.685
2018-08-15 14:00:00,62.26 ,62.27 ,61.64 ,61.635
2018-08-15 15:00:00,61.61 ,62.27 ,61.61 ,62.09
2018-08-15 16:00:00,62.08 ,62.18 ,61.995,62.17
2018-08-15 17:00:00,62.17 ,62.21 ,62.0  ,62.19
2018-08-15 18:00:00,62.19 ,62.19 ,61.99 ,62.13
2018-08-15 19:00:00,62.19 ,62.345,62.165,62.235
2018-08-15 20:00:00,62.235,62.235,62.235,62.235
2018-08-16 14:00:00,62.235,62.235,62.235,62.235
2018-08-16 15:00:00,62.235,62.235,62.235,62.235
2018-08-16 16:00:00,62.235,62.235,62.235,62.235
2018-08-16 17:00:00,62.235,62.235,62.235,62.235
2018-08-16 18:00:00,62.235,62.235,62.235,62.235
2018-08-16 19:00:00,62.235,62.235,62.235,62.235
2018-08-16 20:00:00,62.235,62.235,62.235,62.235
2018-08-17 14:00:00,62.7  ,62.71 ,62.59 ,62.67
2018-08-17 15:00:00,62.67 ,63.0  ,62.67 ,62.98
2018-08-17 16:00:00,62.98 ,63.02 ,62.87 ,62.925
2018-08-17 17:00:00,62.925,63.025,62.89 ,63.005
2018-08-17 18:00:00,63.0  ,63.36 ,63.0  ,63.335
2018-08-17 19:00:00,63.335,63.335,63.19 ,63.195
2018-08-17 20:00:00,63.195,63.195,63.195,63.195
2018-08-20 14:00:00,63.52 ,63.83 ,63.52 ,63.66
2018-08-20 15:00:00,63.66 ,63.79 ,63.525,63.66
2018-08-20 16:00:00,63.66 ,63.82 ,63.66 ,63.82
2018-08-20 17:00:00,63.82 ,63.835,63.765,63.795
2018-08-20 18:00:00,63.795,63.86 ,63.745,63.86
2018-08-20 19:00:00,63.86 ,63.93 ,63.84 ,63.85
2018-08-20 20:00:00,63.85 ,63.85 ,63.85 ,63.85
2018-08-21 14:00:00,64.485,64.595,64.42 ,64.53
2018-08-21 15:00:00,64.53 ,64.56 ,64.35 ,64.525
2018-08-21 16:00:00,64.525,64.53 ,64.43 ,64.53
2018-08-21 17:00:00,64.53 ,64.53 ,64.44 ,64.475
2018-08-21 18:00:00,64.475,64.57 ,64.38 ,64.38
2018-08-21 19:00:00,64.38 ,64.38 ,64.215,64.29
2018-08-21 20:00:00,64.29 ,64.29 ,64.29 ,64.29
2018-08-22 14:00:00,65.16 ,65.42 ,65.05 ,65.28
2018-08-22 15:00:00,65.3  ,65.315,65.135,65.15
2018-08-22 16:00:00,65.15 ,65.16 ,65.13 ,65.135
2018-08-22 17:00:00,65.135,65.135,65.07 ,65.07
2018-08-22 18:00:00,65.07 ,65.15 ,65.02 ,65.02
2018-08-22 19:00:00,65.02 ,65.19 ,65.005,65.03
2018-08-22 20:00:00,65.03 ,65.03 ,65.03 ,65.03
2018-08-23 14:00:00,65.295,65.395,65.185,65.34
2018-08-23 15:00:00,65.315,65.33 ,65.01 ,65.01
2018-08-23 16:00:00,65.0  ,65.135,64.985,65.125
2018-08-23 17:00:00,65.125,65.125,64.925,64.925
2018-08-23 18:00:00,64.935,64.945,64.855,64.875
2018-08-23 19:00:00,64.875,64.915,64.83 ,64.885
2018-08-23 20:00:00,64.885,64.885,64.885,64.885
2018-08-24 14:00:00,65.81 ,66.045,65.81 ,65.935
2018-08-24 15:00:00,65.935,66.005,65.8  ,65.845
2018-08-24 16:00:00,65.85 ,65.855,65.64 ,65.655
2018-08-24 17:00:00,65.655,65.69 ,65.475,65.575
2018-08-24 18:00:00,65.575,65.575,65.5  ,65.55
2018-08-24 19:00:00,65.56 ,65.62 ,65.49 ,65.595
2018-08-24 20:00:00,65.595,65.595,65.595,65.595
2018-08-27 14:00:00,66.105,66.145,65.965,66.08
2018-08-27 15:00:00,66.08 ,66.08 ,65.935,66.06
2018-08-27 16:00:00,66.06 ,66.105,66.0  ,66.065
2018-08-27 17:00:00,66.065,66.14 ,66.05 ,66.06
2018-08-27 18:00:00,66.06 ,66.075,66.04 ,66.055
2018-08-27 19:00:00,66.055,66.065,65.995,66.055
2018-08-27 20:00:00,66.055,66.055,66.055,66.055
2018-08-28 14:00:00,66.33 ,66.385,66.11 ,66.325
2018-08-28 15:00:00,66.325,66.36 ,66.01 ,66.01
2018-08-28 16:00:00,66.01 ,66.01 ,65.765,65.865
2018-08-28 17:00:00,65.855,65.885,65.8  ,65.845
2018-08-28 18:00:00,65.845,65.845,65.78 ,65.815
2018-08-28 19:00:00,65.815,65.84 ,65.74 ,65.76
2018-08-28 20:00:00,65.76 ,65.76 ,65.76 ,65.76
2018-08-29 14:00:00,65.865,65.935,65.7  ,65.92
2018-08-29 15:00:00,65.925,66.16 ,65.915,66.08
2018-08-29 16:00:00,66.08 ,66.32 ,66.08 ,66.32
2018-08-29 17:00:00,66.34 ,66.36 ,66.26 ,66.335
2018-08-29 18:00:00,66.335,66.36 ,66.245,66.28
2018-08-29 19:00:00,66.28 ,66.36 ,66.235,66.25
2018-08-29 20:00:00,66.25 ,66.25 ,66.25 ,66.25
2018-08-30 14:00:00,66.2  ,66.36 ,66.14 ,66.32
2018-08-30 15:00:00,66.37 ,66.395,66.02 ,66.035
2018-08-30 16:00:00,66.035,66.14 ,65.99 ,66.12
2018-08-30 17:00:00,66.11 ,66.395,66.11 ,66.36
2018-08-30 18:00:00,66.365,66.41 ,66.175,66.3
2018-08-30 19:00:00,66.285,66.39 ,66.19 ,66.35
2018-08-30 20:00:00,66.35 ,66.35 ,66.35 ,66.35
2018-08-31 14:00:00,65.45 ,65.58 ,65.28 ,65.28
2018-08-31 15:00:00,65.28 ,65.315,64.91 ,64.92
2018-08-31 16:00:00,64.92 ,64.92 ,64.83 ,64.92
2018-08-31 17:00:00,64.92 ,65.085,64.92 ,65.085
2018-08-31 18:00:00,65.095,65.125,65.03 ,65.1
2018-08-31 19:00:00,65.065,65.225,65.025,65.215
2018-08-31 20:00:00,65.215,65.215,65.215,65.215
2018-09-03 14:00:00,65.215,65.215,65.215,65.215
2018-09-03 15:00:00,65.215,65.215,65.215,65.215
2018-09-03 16:00:00,65.215,65.215,65.215,65.215
2018-09-03 17:00:00,65.215,65.215,65.215,65.215
2018-09-03 18:00:00,65.215,65.215,65.215,65.215
2018-09-03 19:00:00,65.215,65.215,65.215,65.215
2018-09-03 20:00:00,65.215,65.215,65.215,65.215
2018-09-04 14:00:00,65.31 ,65.39 ,65.03 ,65.2
2018-09-04 15:00:00,65.2  ,65.28 ,65.0  ,65.12
2018-09-04 16:00:00,65.12 ,65.22 ,65.12 ,65.22
2018-09-04 17:00:00,65.22 ,65.37 ,65.22 ,65.35
2018-09-04 18:00:00,65.35 ,65.415,65.26 ,65.29
2018-09-04 19:00:00,65.275,65.275,65.12 ,65.245
2018-09-04 20:00:00,65.245,65.245,65.245,65.245
2018-09-05 14:00:00,64.83 ,64.85 ,64.47 ,64.7
2018-09-05 15:00:00,64.705,64.8  ,64.525,64.59
2018-09-05 16:00:00,64.59 ,65.0  ,64.59 ,64.88
2018-09-05 17:00:00,64.88 ,64.98 ,64.88 ,64.9
2018-09-05 18:00:00,64.9  ,64.96 ,64.89 ,64.91
2018-09-05 19:00:00,64.925,65.02 ,64.925,64.995
2018-09-05 20:00:00,64.995,64.995,64.995,64.995
2018-09-06 14:00:00,64.61 ,64.62 ,63.83 ,64.01
2018-09-06 15:00:00,64.01 ,64.01 ,63.59 ,63.765
2018-09-06 16:00:00,63.725,63.73 ,63.425,63.44
2018-09-06 17:00:00,63.44 ,63.65 ,63.38 ,63.59
2018-09-06 18:00:00,63.595,63.715,63.525,63.69
2018-09-06 19:00:00,63.69 ,63.795,63.69 ,63.695
2018-09-06 20:00:00,63.695,63.695,63.695,63.695
2018-09-07 14:00:00,62.98 ,63.22 ,62.98 ,63.07
2018-09-07 15:00:00,63.07 ,63.31 ,63.04 ,63.285
2018-09-07 16:00:00,63.25 ,63.25 ,63.05 ,63.09
2018-09-07 17:00:00,63.09 ,63.155,63.04 ,63.075
2018-09-07 18:00:00,63.05 ,63.245,63.035,63.245
2018-09-07 19:00:00,63.245,63.36 ,63.215,63.36
2018-09-07 20:00:00,63.36 ,63.36 ,63.36 ,63.36
2018-09-10 14:00:00,63.19 ,63.19 ,62.99 ,63.035
2018-09-10 15:00:00,62.97 ,63.2  ,62.95 ,63.2
2018-09-10 16:00:00,63.2  ,63.24 ,63.075,63.24
2018-09-10 17:00:00,63.24 ,63.26 ,63.105,63.115
2018-09-10 18:00:00,63.115,63.125,63.055,63.055
2018-09-10 19:00:00,63.055,63.055,62.94 ,62.945
2018-09-10 20:00:00,62.945,62.945,62.945,62.945
2018-09-11 14:00:00,63.28 ,63.78 ,63.275,63.66
2018-09-11 15:00:00,63.67 ,63.905,63.66 ,63.905
2018-09-11 16:00:00,63.895,64.015,63.89 ,64.0
2018-09-11 17:00:00,64.0  ,64.065,63.96 ,63.985
2018-09-11 18:00:00,63.96 ,63.97 ,63.87 ,63.93
2018-09-11 19:00:00,63.91 ,63.94 ,63.88 ,63.91
2018-09-11 20:00:00,63.91 ,63.91 ,63.91 ,63.91
2018-09-12 14:00:00,64.565,64.7  ,64.33 ,64.61
2018-09-12 15:00:00,64.605,64.92 ,64.5  ,64.52
2018-09-12 16:00:00,64.52 ,64.53 ,64.34 ,64.38
2018-09-12 17:00:00,64.38 ,64.66 ,64.38 ,64.62
2018-09-12 18:00:00,64.62 ,64.64 ,64.53 ,64.53
2018-09-12 19:00:00,64.49 ,64.55 ,64.36 ,64.36
2018-09-12 20:00:00,64.36 ,64.36 ,64.36 ,64.36
2018-09-13 14:00:00,64.625,64.835,64.415,64.485
2018-09-13 15:00:00,64.5  ,64.78 ,64.425,64.76
2018-09-13 16:00:00,64.76 ,64.885,64.74 ,64.795
2018-09-13 17:00:00,64.795,64.825,64.64 ,64.65
2018-09-13 18:00:00,64.65 ,64.74 ,64.65 ,64.68
2018-09-13 19:00:00,64.68 ,64.715,64.65 ,64.715
2018-09-13 20:00:00,64.715,64.715,64.715,64.715
2018-09-14 14:00:00,64.89 ,64.92 ,64.605,64.745
2018-09-14 15:00:00,64.745,64.83 ,64.66 ,64.775
2018-09-14 16:00:00,64.745,64.745,64.66 ,64.66
2018-09-14 17:00:00,64.66 ,64.66 ,64.395,64.475
2018-09-14 18:00:00,64.475,64.54 ,64.445,64.46
2018-09-14 19:00:00,64.46 ,64.545,64.46 ,64.475
2018-09-14 20:00:00,64.475,64.475,64.475,64.475
2018-09-17 14:00:00,65.275,65.48 ,65.005,65.005
2018-09-17 15:00:00,65.005,65.06 ,64.97 ,64.97
2018-09-17 16:00:00,64.965,64.965,64.78 ,64.795
2018-09-17 17:00:00,64.795,64.855,64.77 ,64.855
2018-09-17 18:00:00,64.855,64.875,64.705,64.71
2018-09-17 19:00:00,64.71 ,64.8  ,64.665,64.8
2018-09-17 20:00:00,64.8  ,64.8  ,64.8  ,64.8
2018-09-18 14:00:00,66.095,66.14 ,65.89 ,66.085
2018-09-18 15:00:00,66.085,66.12 ,65.96 ,66.065
2018-09-18 16:00:00,66.065,66.14 ,66.055,66.075
2018-09-18 17:00:00,66.07 ,66.075,65.915,65.985
2018-09-18 18:00:00,65.985,66.075,65.985,66.045
2018-09-18 19:00:00,66.045,66.135,66.02 ,66.025
2018-09-18 20:00:00,66.025,66.025,66.025,66.025
2018-09-19 14:00:00,66.105,66.3  ,65.96 ,66.255
2018-09-19 15:00:00,66.265,66.345,66.135,66.175
2018-09-19 16:00:00,66.175,66.27 ,66.175,66.26
2018-09-19 17:00:00,66.26 ,66.29 ,66.22 ,66.225
2018-09-19 18:00:00,66.225,66.345,66.22 ,66.345
2018-09-19 19:00:00,66.36 ,66.445,66.26 ,66.26
2018-09-19 20:00:00,66.26 ,66.26 ,66.26 ,66.26
2018-09-20 14:00:00,66.53 ,66.61 ,66.275,66.58
2018-09-20 15:00:00,66.58 ,66.735,66.495,66.51
2018-09-20 16:00:00,66.51 ,66.79 ,66.51 ,66.74
2018-09-20 17:00:00,66.75 ,66.83 ,66.64 ,66.665
2018-09-20 18:00:00,66.665,66.67 ,66.565,66.61
2018-09-20 19:00:00,66.61 ,66.835,66.61 ,66.83
2018-09-20 20:00:00,66.83 ,66.83 ,66.83 ,66.83
2018-09-21 14:00:00,67.28 ,67.58 ,67.27 ,67.36
2018-09-21 15:00:00,67.39 ,67.405,66.94 ,67.21
2018-09-21 16:00:00,67.21 ,67.35 ,67.19 ,67.265
2018-09-21 17:00:00,67.265,67.41 ,67.265,67.275
2018-09-21 18:00:00,67.28 ,67.33 ,67.16 ,67.165
2018-09-21 19:00:00,67.165,67.36 ,67.165,67.295
2018-09-21 20:00:00,67.295,67.295,67.295,67.295
2018-09-24 14:00:00,68.485,68.595,68.135,68.19
2018-09-24 15:00:00,68.19 ,68.32 ,68.125,68.295
2018-09-24 16:00:00,68.295,68.45 ,68.295,68.345
2018-09-24 17:00:00,68.345,68.345,68.23 ,68.29
2018-09-24 18:00:00,68.29 ,68.41 ,68.29 ,68.36
2018-09-24 19:00:00,68.365,68.37 ,68.105,68.18
2018-09-24 20:00:00,68.18 ,68.18 ,68.18 ,68.18
2018-09-25 14:00:00,69.585,70.075,69.585,69.78
2018-09-25 15:00:00,69.755,69.845,69.635,69.675
2018-09-25 16:00:00,69.675,69.89 ,69.635,69.86
2018-09-25 17:00:00,69.86 ,69.86 ,69.51 ,69.575
2018-09-25 18:00:00,69.57 ,69.71 ,69.515,69.67
2018-09-25 19:00:00,69.67 ,69.67 ,69.49 ,69.6
2018-09-25 20:00:00,69.6  ,69.6  ,69.6  ,69.6
2018-09-26 14:00:00,69.14 ,69.31 ,69.03 ,69.295
2018-09-26 15:00:00,69.29 ,69.38 ,69.14 ,69.275
2018-09-26 16:00:00,69.275,69.37 ,69.235,69.37
2018-09-26 17:00:00,69.395,69.415,69.28 ,69.305
2018-09-26 18:00:00,69.375,69.49 ,69.075,69.12
2018-09-26 19:00:00,69.12 ,69.155,68.84 ,68.89
2018-09-26 20:00:00,68.89 ,68.89 ,68.89 ,68.89
2018-09-27 14:00:00,69.08 ,69.155,68.875,68.895
2018-09-27 15:00:00,68.89 ,68.955,68.77 ,68.87
2018-09-27 16:00:00,68.87 ,69.0  ,68.87 ,68.95
2018-09-27 17:00:00,68.95 ,68.95 ,68.705,68.8
2018-09-27 18:00:00,68.8  ,68.84 ,68.685,68.79
2018-09-27 19:00:00,68.79 ,68.855,68.685,68.74
2018-09-27 20:00:00,68.74 ,68.74 ,68.74 ,68.74
2018-09-28 14:00:00,68.355,68.895,68.25 ,68.86
2018-09-28 15:00:00,68.855,68.89 ,68.69 ,68.745
2018-09-28 16:00:00,68.75 ,68.785,68.595,68.67
2018-09-28 17:00:00,68.67 ,68.68 ,68.62 ,68.66
2018-09-28 18:00:00,68.61 ,68.615,68.36 ,68.36
2018-09-28 19:00:00,68.36 ,68.38 ,68.13 ,68.14
2018-09-28 20:00:00,68.14 ,68.14 ,68.14 ,68.14
2018-10-01 14:00:00,68.835,69.06 ,68.8  ,68.875
2018-10-01 15:00:00,68.87 ,69.195,68.835,69.135
2018-10-01 16:00:00,69.145,69.25 ,69.12 ,69.155
2018-10-01 17:00:00,69.15 ,69.26 ,69.1  ,69.15
2018-10-01 18:00:00,69.14 ,69.415,69.13 ,69.4
2018-10-01 19:00:00,69.42 ,69.465,69.2  ,69.31
2018-10-01 20:00:00,69.31 ,69.31 ,69.31 ,69.31
2018-10-02 14:00:00,68.92 ,69.0  ,68.585,68.77
2018-10-02 15:00:00,68.78 ,69.16 ,68.76 ,69.16
2018-10-02 16:00:00,69.16 ,69.25 ,69.145,69.24
2018-10-02 17:00:00,69.24 ,69.25 ,69.035,69.07
2018-10-02 18:00:00,69.05 ,69.155,69.05 ,69.11
2018-10-02 19:00:00,69.105,69.21 ,69.065,69.075
2018-10-02 20:00:00,69.075,69.075,69.075,69.075
2018-10-03 14:00:00,69.205,69.365,68.94 ,69.31
2018-10-03 15:00:00,69.335,69.53 ,69.24 ,69.29
2018-10-03 16:00:00,69.3  ,69.3  ,69.21 ,69.27
2018-10-03 17:00:00,69.27 ,69.58 ,69.27 ,69.58
2018-10-03 18:00:00,69.585,69.59 ,69.32 ,69.365
2018-10-03 19:00:00,69.405,69.51 ,69.375,69.5
2018-10-03 20:00:00,69.5  ,69.5  ,69.5  ,69.5
2018-10-04 14:00:00,69.19 ,69.28 ,69.055,69.165
2018-10-04 15:00:00,69.165,69.31 ,69.0  ,69.0
2018-10-04 16:00:00,68.99 ,68.99 ,68.78 ,68.92
2018-10-04 17:00:00,68.935,68.985,68.76 ,68.91
2018-10-04 18:00:00,68.93 ,69.14 ,68.87 ,69.11
2018-10-04 19:00:00,69.13 ,69.285,69.08 ,69.26
2018-10-04 20:00:00,69.26 ,69.26 ,69.26 ,69.26
2018-10-05 14:00:00,68.27 ,68.535,68.09 ,68.28
2018-10-05 15:00:00,68.25 ,68.265,67.985,67.985
2018-10-05 16:00:00,67.985,68.08 ,67.825,68.01
2018-10-05 17:00:00,67.99 ,68.115,67.885,68.065
2018-10-05 18:00:00,68.065,68.2  ,67.98 ,68.195
2018-10-05 19:00:00,68.195,68.39 ,68.16 ,68.36
2018-10-05 20:00:00,68.36 ,68.36 ,68.36 ,68.36
2018-10-08 14:00:00,67.605,67.705,67.175,67.31
2018-10-08 15:00:00,67.31 ,67.35 ,67.07 ,67.07
2018-10-08 16:00:00,67.09 ,67.2  ,67.07 ,67.07
2018-10-08 17:00:00,67.07 ,67.365,67.07 ,67.36
2018-10-08 18:00:00,67.36 ,67.625,67.36 ,67.625
2018-10-08 19:00:00,67.625,67.735,67.625,67.675
2018-10-08 20:00:00,67.675,67.675,67.675,67.675
2018-10-09 14:00:00,67.7  ,68.09 ,67.505,68.0
2018-10-09 15:00:00,67.92 ,68.03 ,67.795,68.02
2018-10-09 16:00:00,68.02 ,68.24 ,68.02 ,68.115
2018-10-09 17:00:00,68.115,68.395,68.08 ,68.345
2018-10-09 18:00:00,68.335,68.595,68.295,68.34
2018-10-09 19:00:00,68.32 ,68.4  ,68.2  ,68.33
2018-10-09 20:00:00,68.33 ,68.33 ,68.33 ,68.33
2018-10-10 14:00:00,68.28 ,68.31 ,67.47 ,67.47
2018-10-10 15:00:00,67.47 ,67.685,67.33 ,67.54
2018-10-10 16:00:00,67.53 ,67.58 ,67.32 ,67.47
2018-10-10 17:00:00,67.47 ,67.67 ,67.25 ,67.34
2018-10-10 18:00:00,67.35 ,67.36 ,67.09 ,67.22
2018-10-10 19:00:00,67.22 ,67.22 ,66.88 ,66.94
2018-10-10 20:00:00,66.94 ,66.94 ,66.94 ,66.94
2018-10-11 14:00:00,66.52 ,66.52 ,65.6  ,65.6
2018-10-11 15:00:00,65.69 ,65.825,65.33 ,65.78
2018-10-11 16:00:00,65.78 ,66.16 ,65.78 ,65.945
2018-10-11 17:00:00,65.85 ,66.0  ,65.68 ,65.78
2018-10-11 18:00:00,65.78 ,65.8  ,65.025,65.23
2018-10-11 19:00:00,65.23 ,65.67 ,65.23 ,65.43
2018-10-11 20:00:00,65.43 ,65.43 ,65.43 ,65.43
2018-10-12 14:00:00,65.665,65.745,65.39 ,65.425
2018-10-12 15:00:00,65.425,65.43 ,65.06 ,65.2
2018-10-12 16:00:00,65.2  ,65.2  ,64.79 ,64.97
2018-10-12 17:00:00,64.97 ,65.015,64.765,64.94
2018-10-12 18:00:00,64.94 ,65.065,64.765,65.06
2018-10-12 19:00:00,65.06 ,65.43 ,64.97 ,65.225
2018-10-12 20:00:00,65.225,65.225,65.225,65.225
2018-10-15 14:00:00,65.225,65.225,65.225,65.225
2018-10-15 15:00:00,65.225,65.225,65.225,65.225
2018-10-15 16:00:00,65.225,65.225,65.225,65.225
2018-10-15 17:00:00,65.225,65.66 ,65.225,65.62
2018-10-15 18:00:00,65.63 ,65.78 ,65.53 ,65.74
2018-10-15 19:00:00,65.73 ,65.75 ,65.435,65.445
2018-10-15 20:00:00,65.445,65.445,65.445,65.445
2018-10-16 14:00:00,65.445,66.3  ,65.445,66.3
2018-10-16 15:00:00,66.28 ,66.3  ,65.945,65.985
2018-10-16 16:00:00,65.985,66.16 ,65.93 ,65.95
2018-10-16 17:00:00,65.95 ,66.075,65.89 ,65.96
2018-10-16 18:00:00,65.99 ,66.07 ,65.925,65.925
2018-10-16 19:00:00,65.925,66.085,65.895,66.0
2018-10-16 20:00:00,66.0  ,66.0  ,66.0  ,66.0
2018-10-17 14:00:00,65.545,65.65 ,64.88 ,64.98
2018-10-17 15:00:00,64.96 ,65.48 ,64.905,65.36
2018-10-17 16:00:00,65.37 ,65.39 ,65.31 ,65.35
2018-10-17 17:00:00,65.35 ,65.35 ,65.19 ,65.26
2018-10-17 18:00:00,65.23 ,65.31 ,64.93 ,65.225
2018-10-17 19:00:00,65.175,65.3  ,65.105,65.19
2018-10-17 20:00:00,65.19 ,65.19 ,65.19 ,65.19
2018-10-18 14:00:00,65.11 ,65.62 ,65.04 ,65.44
2018-10-18 15:00:00,65.415,65.425,64.86 ,64.925
2018-10-18 16:00:00,64.925,65.06 ,64.84 ,64.84
2018-10-18 17:00:00,64.84 ,64.86 ,64.545,64.55
2018-10-18 18:00:00,64.55 ,64.82 ,64.55 ,64.75
2018-10-18 19:00:00,64.75 ,64.755,64.575,64.665
2018-10-18 20:00:00,64.665,64.665,64.665,64.665
2018-10-19 14:00:00,65.915,66.0  ,65.61 ,65.855
2018-10-19 15:00:00,65.89 ,65.95 ,65.57 ,65.75
2018-10-19 16:00:00,65.75 ,65.75 ,65.56 ,65.685
2018-10-19 17:00:00,65.62 ,65.655,65.555,65.585
2018-10-19 18:00:00,65.585,65.585,65.435,65.575
2018-10-19 19:00:00,65.575,65.575,65.42 ,65.535
2018-10-19 20:00:00,65.535,65.535,65.535,65.535
2018-10-22 14:00:00,64.845,65.085,64.7  ,65.03
2018-10-22 15:00:00,65.02 ,65.02 ,64.73 ,64.73
2018-10-22 16:00:00,64.73 ,64.81 ,64.7  ,64.76
2018-10-22 17:00:00,64.76 ,64.93 ,64.72 ,64.76
2018-10-22 18:00:00,64.78 ,64.99 ,64.75 ,64.98
2018-10-22 19:00:00,64.98 ,65.03 ,64.88 ,64.88
2018-10-22 20:00:00,64.88 ,64.88 ,64.88 ,64.88
2018-10-23 14:00:00,63.2  ,63.23 ,62.69 ,62.935
2018-10-23 15:00:00,62.925,63.2  ,62.525,62.525
2018-10-23 16:00:00,62.51 ,62.775,62.45 ,62.775
2018-10-23 17:00:00,62.775,62.935,62.63 ,62.63
2018-10-23 18:00:00,62.63 ,63.25 ,62.605,63.17
2018-10-23 19:00:00,63.23 ,63.375,63.105,63.105
2018-10-23 20:00:00,63.105,63.105,63.105,63.105
2018-10-24 14:00:00,62.86 ,62.91 ,62.52 ,62.52
2018-10-24 15:00:00,62.52 ,62.535,62.14 ,62.34
2018-10-24 16:00:00,62.34 ,62.63 ,62.34 ,62.55
2018-10-24 17:00:00,62.525,62.525,62.19 ,62.225
2018-10-24 18:00:00,62.22 ,62.38 ,62.085,62.135
2018-10-24 19:00:00,62.09 ,62.09 ,61.37 ,61.37
2018-10-24 20:00:00,61.37 ,61.37 ,61.37 ,61.37
2018-10-25 14:00:00,62.12 ,62.405,61.82 ,61.85
2018-10-25 15:00:00,61.89 ,61.99 ,61.58 ,61.76
2018-10-25 16:00:00,61.785,61.865,61.59 ,61.745
2018-10-25 17:00:00,61.73 ,61.82 ,61.545,61.66
2018-10-25 18:00:00,61.655,62.005,61.635,61.955
2018-10-25 19:00:00,61.94 ,62.145,61.83 ,61.915
2018-10-25 20:00:00,61.915,61.915,61.915,61.915
2018-10-26 14:00:00,61.095,61.28 ,60.79 ,60.79
2018-10-26 15:00:00,60.79 ,61.92 ,60.79 ,61.85
2018-10-26 16:00:00,61.85 ,62.38 ,61.85 ,62.175
2018-10-26 17:00:00,62.175,62.44 ,62.145,62.255
2018-10-26 18:00:00,62.235,62.28 ,61.71 ,61.71
2018-10-26 19:00:00,61.7  ,62.155,61.64 ,61.92
2018-10-26 20:00:00,61.92 ,61.92 ,61.92 ,61.92
2018-10-29 14:00:00,62.125,62.385,62.125,62.35
2018-10-29 15:00:00,62.355,62.55 ,62.165,62.37
2018-10-29 16:00:00,62.315,62.315,62.0  ,62.015
2018-10-29 17:00:00,62.01 ,62.185,61.975,62.02
2018-10-29 18:00:00,62.02 ,62.03 ,61.495,61.615
2018-10-29 19:00:00,61.615,61.615,60.6  ,61.25
2018-10-29 20:00:00,61.25 ,61.25 ,61.25 ,61.25
2018-10-30 14:00:00,61.78 ,61.89 ,61.305,61.64
2018-10-30 15:00:00,61.66 ,62.085,61.54 ,61.94
2018-10-30 16:00:00,61.94 ,62.195,61.89 ,61.89
2018-10-30 17:00:00,61.89 ,61.965,61.73 ,61.955
2018-10-30 18:00:00,61.985,62.3  ,61.795,62.245
2018-10-30 19:00:00,62.245,62.575,62.13 ,62.57
2018-10-30 20:00:00,62.57 ,62.57 ,62.57 ,62.57
2018-10-31 14:00:00,63.71 ,63.98 ,63.54 ,63.72
2018-10-31 15:00:00,63.78 ,64.01 ,63.53 ,63.87
2018-10-31 16:00:00,63.9  ,63.915,63.47 ,63.5
2018-10-31 17:00:00,63.44 ,63.605,63.385,63.435
2018-10-31 18:00:00,63.435,63.435,63.16 ,63.16
2018-10-31 19:00:00,63.16 ,63.345,63.15 ,63.185
2018-10-31 20:00:00,63.185,63.185,63.185,63.185
2018-11-01 14:00:00,63.33 ,63.34 ,63.025,63.24
2018-11-01 15:00:00,63.24 ,63.24 ,62.57 ,62.595
2018-11-01 16:00:00,62.58 ,63.04 ,62.52 ,63.04
2018-11-01 17:00:00,63.04 ,63.09 ,62.88 ,62.895
2018-11-01 18:00:00,62.81 ,62.84 ,62.7  ,62.775
2018-11-01 19:00:00,62.77 ,63.19 ,62.72 ,63.14
2018-11-01 20:00:00,63.14 ,63.14 ,63.14 ,63.14
2018-11-02 14:00:00,63.455,63.455,62.78 ,62.88
2018-11-02 15:00:00,62.92 ,62.925,62.305,62.435
2018-11-02 16:00:00,62.42 ,62.45 ,61.995,62.035
2018-11-02 17:00:00,62.0  ,62.09 ,61.915,61.995
2018-11-02 18:00:00,61.97 ,62.21 ,61.755,62.17
2018-11-02 19:00:00,62.17 ,62.32 ,62.07 ,62.24
2018-11-02 20:00:00,62.24 ,62.24 ,62.24 ,62.24
2018-11-05 15:00:00,63.37 ,63.53 ,63.19 ,63.495
2018-11-05 16:00:00,63.495,63.66 ,63.21 ,63.21
2018-11-05 17:00:00,63.23 ,63.24 ,62.975,63.1
2018-11-05 18:00:00,63.13 ,63.32 ,63.1  ,63.32
2018-11-05 19:00:00,63.32 ,63.48 ,63.275,63.275
2018-11-05 20:00:00,63.275,63.405,63.275,63.385
2018-11-05 21:00:00,63.385,63.385,63.385,63.385
2018-11-06 15:00:00,63.185,63.33 ,62.935,63.09
2018-11-06 16:00:00,63.09 ,63.285,63.025,63.105
2018-11-06 17:00:00,63.105,63.215,63.025,63.18
2018-11-06 18:00:00,63.18 ,63.305,63.115,63.285
2018-11-06 19:00:00,63.285,63.33 ,63.215,63.285
2018-11-06 20:00:00,63.28 ,63.485,63.23 ,63.475
2018-11-06 21:00:00,63.475,63.475,63.475,63.475
2018-11-07 15:00:00,63.87 ,64.19 ,63.74 ,63.8
2018-11-07 16:00:00,63.8  ,64.06 ,63.65 ,64.0
2018-11-07 17:00:00,64.01 ,64.01 ,63.82 ,63.9
2018-11-07 18:00:00,63.95 ,63.96 ,63.775,63.8
2018-11-07 19:00:00,63.79 ,64.09 ,63.78 ,63.92
2018-11-07 20:00:00,63.92 ,64.155,63.92 ,64.14
2018-11-07 21:00:00,64.14 ,64.14 ,64.14 ,64.14
2018-11-08 15:00:00,63.49 ,63.55 ,63.17 ,63.18
2018-11-08 16:00:00,63.21 ,63.505,63.14 ,63.305
2018-11-08 17:00:00,63.305,63.305,63.145,63.145
2018-11-08 18:00:00,63.145,63.145,62.84 ,63.065
2018-11-08 19:00:00,63.065,63.205,62.665,62.705
2018-11-08 20:00:00,62.68 ,62.78 ,62.51 ,62.74
2018-11-08 21:00:00,62.74 ,62.74 ,62.74 ,62.74
2018-11-09 15:00:00,62.535,62.88 ,62.37 ,62.765
2018-11-09 16:00:00,62.76 ,62.92 ,62.545,62.645
2018-11-09 17:00:00,62.645,62.74 ,62.495,62.64
2018-11-09 18:00:00,62.62 ,62.72 ,62.575,62.72
2018-11-09 19:00:00,62.72 ,62.94 ,62.6  ,62.94
2018-11-09 20:00:00,62.935,63.18 ,62.925,63.025
2018-11-09 21:00:00,63.025,63.025,63.025,63.025
2018-11-12 15:00:00,63.03 ,63.185,62.86 ,62.86
2018-11-12 16:00:00,62.85 ,62.85 ,62.48 ,62.67
2018-11-12 17:00:00,62.66 ,62.78 ,62.66 ,62.715
2018-11-12 18:00:00,62.715,62.79 ,62.59 ,62.71
2018-11-12 19:00:00,62.74 ,62.89 ,62.65 ,62.66
2018-11-12 20:00:00,62.655,62.69 ,62.1  ,62.19
2018-11-12 21:00:00,62.19 ,62.19 ,62.19 ,62.19
2018-11-13 15:00:00,61.71 ,61.71 ,61.115,61.69
2018-11-13 16:00:00,61.7  ,61.96 ,61.665,61.945
2018-11-13 17:00:00,61.9  ,61.93 ,61.46 ,61.46
2018-11-13 18:00:00,61.48 ,61.48 ,61.045,61.045
2018-11-13 19:00:00,61.03 ,61.055,60.705,60.735
2018-11-13 20:00:00,60.735,60.905,60.58 ,60.745
2018-11-13 21:00:00,60.745,60.745,60.745,60.745
2018-11-14 15:00:00,61.635,61.805,61.405,61.405
2018-11-14 16:00:00,61.405,61.48 ,61.17 ,61.395
2018-11-14 17:00:00,61.395,61.515,61.28 ,61.355
2018-11-14 18:00:00,61.355,61.42 ,61.02 ,61.155
2018-11-14 19:00:00,61.155,61.385,61.01 ,61.385
2018-11-14 20:00:00,61.385,61.58 ,61.33 ,61.35
2018-11-14 21:00:00,61.35 ,61.35 ,61.35 ,61.35
2018-11-15 15:00:00,60.515,60.68 ,60.3  ,60.56
2018-11-15 16:00:00,60.56 ,61.305,60.44 ,61.24
2018-11-15 17:00:00,61.24 ,61.37 ,61.1  ,61.115
2018-11-15 18:00:00,61.115,61.68 ,61.1  ,61.565
2018-11-15 19:00:00,61.565,61.705,61.45 ,61.585
2018-11-15 20:00:00,61.555,61.68 ,61.355,61.68
2018-11-15 21:00:00,61.68 ,61.68 ,61.68 ,61.68
2018-11-16 15:00:00,61.785,62.045,61.745,61.89
2018-11-16 16:00:00,61.91 ,62.04 ,61.64 ,61.7
2018-11-16 17:00:00,61.75 ,61.945,61.545,61.9
2018-11-16 18:00:00,61.96 ,61.97 ,61.71 ,61.71
2018-11-16 19:00:00,61.76 ,62.0  ,61.7  ,61.875
2018-11-16 20:00:00,61.96 ,62.04 ,61.91 ,61.985
2018-11-16 21:00:00,61.985,61.985,61.985,61.985
2018-11-19 15:00:00,61.465,61.785,61.33 ,61.765
2018-11-19 16:00:00,61.73 ,61.81 ,61.305,61.35
2018-11-19 17:00:00,61.35 ,61.57 ,61.215,61.53
2018-11-19 18:00:00,61.53 ,61.67 ,61.455,61.455
2018-11-19 19:00:00,61.47 ,61.665,61.335,61.64
2018-11-19 20:00:00,61.625,61.73 ,61.52 ,61.665
2018-11-19 21:00:00,61.665,61.665,61.665,61.665
2018-11-20 15:00:00,60.375,60.675,59.86 ,60.64
2018-11-20 16:00:00,60.65 ,60.69 ,60.145,60.225
2018-11-20 17:00:00,60.225,60.42 ,60.155,60.17
2018-11-20 18:00:00,60.17 ,60.17 ,59.9  ,59.905
2018-11-20 19:00:00,59.9  ,60.1  ,59.785,59.81
2018-11-20 20:00:00,59.82 ,60.06 ,59.64 ,59.97
2018-11-20 21:00:00,59.97 ,59.97 ,59.97 ,59.97
2018-11-21 15:00:00,61.28 ,61.31 ,61.085,61.1
2018-11-21 16:00:00,61.13 ,61.79 ,61.09 ,61.79
2018-11-21 17:00:00,61.83 ,62.01 ,61.72 ,61.96
2018-11-21 18:00:00,61.96 ,62.07 ,61.945,61.96
2018-11-21 19:00:00,61.95 ,62.04 ,61.775,61.78
2018-11-21 20:00:00,61.795,61.92 ,61.645,61.67
2018-11-21 21:00:00,61.67 ,61.67 ,61.67 ,61.67
2018-11-22 15:00:00,61.67 ,61.67 ,61.67 ,61.67
2018-11-22 16:00:00,61.67 ,61.67 ,61.67 ,61.67
2018-11-22 17:00:00,61.67 ,61.67 ,61.67 ,61.67
2018-11-22 18:00:00,61.67 ,61.67 ,61.67 ,61.67
2018-11-22 19:00:00,61.67 ,61.67 ,61.67 ,61.67
2018-11-22 20:00:00,61.67 ,61.67 ,61.67 ,61.67
2018-11-22 21:00:00,61.67 ,61.67 ,61.67 ,61.67
2018-11-23 15:00:00,59.1  ,59.19 ,58.76 ,58.76
2018-11-23 16:00:00,58.8  ,58.935,58.545,58.765
2018-11-23 17:00:00,58.775,59.11 ,58.695,58.945
2018-11-23 18:00:00,58.945,58.945,58.945,58.945
2018-11-23 19:00:00,58.945,58.945,58.945,58.945
2018-11-23 20:00:00,58.945,58.945,58.945,58.945
2018-11-23 21:00:00,58.945,58.945,58.945,58.945
2018-11-26 15:00:00,60.24 ,60.745,60.17 ,60.725
2018-11-26 16:00:00,60.74 ,60.87 ,60.31 ,60.4
2018-11-26 17:00:00,60.38 ,60.39 ,60.13 ,60.21
2018-11-26 18:00:00,60.21 ,60.27 ,60.165,60.25
2018-11-26 19:00:00,60.245,60.33 ,60.17 ,60.21
2018-11-26 20:00:00,60.26 ,60.31 ,60.165,60.31
2018-11-26 21:00:00,60.31 ,60.31 ,60.31 ,60.31
2018-11-27 15:00:00,59.54 ,59.81 ,59.465,59.7
2018-11-27 16:00:00,59.69 ,59.92 ,59.65 ,59.85
2018-11-27 17:00:00,59.87 ,59.87 ,59.44 ,59.6
2018-11-27 18:00:00,59.58 ,59.775,59.58 ,59.72
2018-11-27 19:00:00,59.745,59.965,59.72 ,59.88
2018-11-27 20:00:00,59.87 ,59.92 ,59.735,59.755
2018-11-27 21:00:00,59.755,59.755,59.755,59.755
2018-11-28 15:00:00,59.91 ,59.945,59.57 ,59.71
2018-11-28 16:00:00,59.72 ,59.99 ,59.7  ,59.97
2018-11-28 17:00:00,60.13 ,60.575,60.13 ,60.45
2018-11-28 18:00:00,60.45 ,60.67 ,60.305,60.67
2018-11-28 19:00:00,60.67 ,60.77 ,60.38 ,60.385
2018-11-28 20:00:00,60.385,60.685,60.35 ,60.685
2018-11-28 21:00:00,60.685,60.685,60.685,60.685
2018-11-29 15:00:00,60.73 ,60.94 ,60.565,60.63
2018-11-29 16:00:00,60.67 ,60.8  ,60.56 ,60.765
2018-11-29 17:00:00,60.745,60.745,60.48 ,60.66
2018-11-29 18:00:00,60.64 ,60.78 ,60.6  ,60.73
2018-11-29 19:00:00,60.73 ,60.87 ,60.73 ,60.86
2018-11-29 20:00:00,60.86 ,60.86 ,60.545,60.61
2018-11-29 21:00:00,60.61 ,60.61 ,60.61 ,60.61
2018-11-30 15:00:00,60.34 ,60.79 ,60.34 ,60.645
2018-11-30 16:00:00,60.64 ,60.71 ,60.37 ,60.61
2018-11-30 17:00:00,60.61 ,60.61 ,60.37 ,60.37
2018-11-30 18:00:00,60.37 ,60.505,60.33 ,60.505
2018-11-30 19:00:00,60.505,60.505,60.26 ,60.265
2018-11-30 20:00:00,60.265,60.435,60.23 ,60.405
2018-11-30 21:00:00,60.405,60.405,60.405,60.405
2018-12-03 15:00:00,61.99 ,61.99 ,61.505,61.56
2018-12-03 16:00:00,61.58 ,61.86 ,61.415,61.455
2018-12-03 17:00:00,61.455,61.815,61.455,61.77
2018-12-03 18:00:00,61.77 ,61.88 ,61.68 ,61.68
2018-12-03 19:00:00,61.7  ,61.78 ,61.54 ,61.77
2018-12-03 20:00:00,61.73 ,61.92 ,61.715,61.84
2018-12-03 21:00:00,61.84 ,61.84 ,61.84 ,61.84
2018-12-04 15:00:00,61.69 ,61.81 ,61.56 ,61.665
2018-12-04 16:00:00,61.56 ,61.695,61.47 ,61.47
2018-12-04 17:00:00,61.47 ,61.485,61.04 ,61.16
2018-12-04 18:00:00,61.12 ,61.205,60.775,61.125
2018-12-04 19:00:00,61.125,61.17 ,60.905,61.155
2018-12-04 20:00:00,61.155,61.155,60.605,60.675
2018-12-04 21:00:00,60.675,60.675,60.675,60.675
2018-12-05 15:00:00,60.675,60.675,60.675,60.675
2018-12-05 16:00:00,60.675,60.675,60.675,60.675
2018-12-05 17:00:00,60.675,60.675,60.675,60.675
2018-12-05 18:00:00,60.675,60.675,60.675,60.675
2018-12-05 19:00:00,60.675,60.675,60.675,60.675
2018-12-05 20:00:00,60.675,60.675,60.675,60.675
2018-12-05 21:00:00,60.675,60.675,60.675,60.675
2018-12-06 15:00:00,58.44 ,58.55 ,58.07 ,58.1
2018-12-06 16:00:00,58.12 ,58.515,57.65 ,58.515
2018-12-06 17:00:00,58.515,58.53 ,58.27 ,58.485
2018-12-06 18:00:00,58.485,58.7  ,58.25 ,58.7
2018-12-06 19:00:00,58.79 ,58.81 ,58.495,58.69
2018-12-06 20:00:00,58.69 ,59.185,58.685,59.17
2018-12-06 21:00:00,59.17 ,59.17 ,59.17 ,59.17
2018-12-07 15:00:00,60.305,60.49 ,59.79 ,60.29
2018-12-07 16:00:00,60.35 ,60.35 ,59.68 ,59.78
2018-12-07 17:00:00,59.78 ,60.01 ,59.65 ,60.01
2018-12-07 18:00:00,60.01 ,60.06 ,59.53 ,59.55
2018-12-07 19:00:00,59.505,59.62 ,59.265,59.265
2018-12-07 20:00:00,59.28 ,59.46 ,59.22 ,59.325
2018-12-07 21:00:00,59.325,59.325,59.325,59.325
2018-12-10 15:00:00,58.565,58.87 ,58.1  ,58.12
2018-12-10 16:00:00,58.1  ,58.315,57.765,58.08
2018-12-10 17:00:00,58.08 ,58.45 ,57.98 ,58.45
2018-12-10 18:00:00,58.53 ,58.77 ,58.53 ,58.74
2018-12-10 19:00:00,58.745,58.82 ,58.53 ,58.71
2018-12-10 20:00:00,58.72 ,59.02 ,58.645,58.855
2018-12-10 21:00:00,58.855,58.855,58.855,58.855
2018-12-11 15:00:00,59.145,59.35 ,58.73 ,58.845
2018-12-11 16:00:00,58.855,58.945,58.475,58.62
2018-12-11 17:00:00,58.54 ,58.54 ,58.135,58.265
2018-12-11 18:00:00,58.26 ,58.465,58.145,58.17
2018-12-11 19:00:00,58.17 ,58.715,58.135,58.635
2018-12-11 20:00:00,58.635,58.785,58.41 ,58.465
2018-12-11 21:00:00,58.465,58.465,58.465,58.465
2018-12-12 15:00:00,59.475,59.645,59.23 ,59.57
2018-12-12 16:00:00,59.62 ,59.755,59.335,59.51
2018-12-12 17:00:00,59.51 ,59.52 ,59.35 ,59.52
2018-12-12 18:00:00,59.52 ,59.62 ,59.275,59.29
2018-12-12 19:00:00,59.29 ,59.29 ,58.935,58.995
2018-12-12 20:00:00,58.995,59.155,58.975,59.005
2018-12-12 21:00:00,59.005,59.005,59.005,59.005
2018-12-13 15:00:00,59.005,59.495,59.005,59.245
2018-12-13 16:00:00,59.245,59.32 ,59.09 ,59.205
2018-12-13 17:00:00,59.1  ,59.26 ,59.04 ,59.135
2018-12-13 18:00:00,59.135,59.19 ,58.96 ,58.985
2018-12-13 19:00:00,58.985,59.055,58.92 ,59.025
2018-12-13 20:00:00,59.025,59.25 ,59.025,59.225
2018-12-13 21:00:00,59.225,59.225,59.225,59.225
2018-12-14 15:00:00,59.165,59.27 ,58.835,58.91
2018-12-14 16:00:00,58.84 ,58.96 ,58.48 ,58.515
2018-12-14 17:00:00,58.53 ,58.68 ,58.425,58.58
2018-12-14 18:00:00,58.58 ,58.62 ,58.405,58.41
2018-12-14 19:00:00,58.41 ,58.5  ,58.235,58.34
2018-12-14 20:00:00,58.37 ,58.44 ,58.125,58.245
2018-12-14 21:00:00,58.245,58.245,58.245,58.245
2018-12-17 15:00:00,58.6  ,58.61 ,58.3  ,58.55
2018-12-17 16:00:00,58.53 ,58.74 ,58.4  ,58.53
2018-12-17 17:00:00,58.53 ,58.53 ,58.275,58.37
2018-12-17 18:00:00,58.37 ,58.37 ,58.135,58.185
2018-12-17 19:00:00,58.185,58.215,57.88 ,57.88
2018-12-17 20:00:00,57.88 ,57.96 ,57.54 ,57.715
2018-12-17 21:00:00,57.715,57.715,57.715,57.715
2018-12-18 15:00:00,57.53 ,57.675,57.12 ,57.265
2018-12-18 16:00:00,57.285,57.37 ,57.105,57.125
2018-12-18 17:00:00,57.15 ,57.52 ,57.11 ,57.44
2018-12-18 18:00:00,57.44 ,57.44 ,57.2  ,57.2
2018-12-18 19:00:00,57.2  ,57.32 ,56.81 ,56.82
2018-12-18 20:00:00,56.845,57.2  ,56.815,57.045
2018-12-18 21:00:00,57.045,57.045,57.045,57.045
2018-12-19 15:00:00,58.09 ,58.34 ,58.09 ,58.28
2018-12-19 16:00:00,58.29 ,58.35 ,58.035,58.04
2018-12-19 17:00:00,58.04 ,58.215,58.04 ,58.055
2018-12-19 18:00:00,58.055,58.125,57.895,58.095
2018-12-19 19:00:00,58.25 ,58.25 ,56.915,56.97
2018-12-19 20:00:00,56.85 ,57.065,56.61 ,56.91
2018-12-19 21:00:00,56.91 ,56.91 ,56.91 ,56.91
2018-12-20 15:00:00,57.6  ,57.835,57.4  ,57.45
2018-12-20 16:00:00,57.465,57.52 ,56.89 ,56.975
2018-12-20 17:00:00,56.94 ,57.185,56.785,56.875
2018-12-20 18:00:00,56.875,56.915,56.44 ,56.465
2018-12-20 19:00:00,56.515,56.94 ,56.285,56.63
2018-12-20 20:00:00,56.63 ,56.73 ,56.27 ,56.435
2018-12-20 21:00:00,56.435,56.435,56.435,56.435
2018-12-21 15:00:00,56.7  ,57.195,56.68 ,56.885
2018-12-21 16:00:00,56.87 ,57.43 ,56.715,57.13
2018-12-21 17:00:00,57.12 ,57.18 ,56.86 ,57.14
2018-12-21 18:00:00,56.94 ,56.96 ,56.73 ,56.875
2018-12-21 19:00:00,56.86 ,56.95 ,56.73 ,56.79
2018-12-21 20:00:00,56.79 ,56.94 ,56.52 ,56.715
2018-12-21 21:00:00,56.715,56.715,56.715,56.715
2018-12-24 15:00:00,56.42 ,56.5  ,56.0  ,56.08
2018-12-24 16:00:00,56.08 ,56.23 ,55.45 ,55.54
2018-12-24 17:00:00,55.51 ,55.81 ,55.465,55.465
2018-12-24 18:00:00,55.465,55.465,55.465,55.465
2018-12-24 19:00:00,55.465,55.465,55.465,55.465
2018-12-24 20:00:00,55.465,55.465,55.465,55.465
2018-12-24 21:00:00,55.465,55.465,55.465,55.465
2018-12-25 15:00:00,55.465,55.465,55.465,55.465
2018-12-25 16:00:00,55.465,55.465,55.465,55.465
2018-12-25 17:00:00,55.465,55.465,55.465,55.465
2018-12-25 18:00:00,55.465,55.465,55.465,55.465
2018-12-25 19:00:00,55.465,55.465,55.465,55.465
2018-12-25 20:00:00,55.465,55.465,55.465,55.465
2018-12-25 21:00:00,55.465,55.465,55.465,55.465
2018-12-26 15:00:00,55.15 ,55.48 ,55.05 ,55.43
2018-12-26 16:00:00,55.5  ,56.385,55.5  ,56.385
2018-12-26 17:00:00,56.385,56.77 ,56.385,56.73
2018-12-26 18:00:00,56.68 ,56.85 ,56.4  ,56.85
2018-12-26 19:00:00,56.85 ,56.85 ,56.655,56.72
2018-12-26 20:00:00,56.945,57.755,56.925,57.705
2018-12-26 21:00:00,57.705,57.705,57.705,57.705
2018-12-27 15:00:00,57.015,57.13 ,56.46 ,56.47
2018-12-27 16:00:00,56.455,57.0  ,56.19 ,56.765
2018-12-27 17:00:00,56.765,56.855,56.55 ,56.82
2018-12-27 18:00:00,56.86 ,56.9  ,56.565,56.575
2018-12-27 19:00:00,56.53 ,57.02 ,56.505,57.02
2018-12-27 20:00:00,57.02 ,57.795,56.93 ,57.75
2018-12-27 21:00:00,57.75 ,57.75 ,57.75 ,57.75
2018-12-28 15:00:00,58.32 ,58.32 ,57.9  ,58.04
2018-12-28 16:00:00,58.11 ,58.43 ,57.91 ,58.24
2018-12-28 17:00:00,58.25 ,58.305,58.085,58.085
2018-12-28 18:00:00,58.105,58.12 ,57.96 ,58.06
2018-12-28 19:00:00,58.06 ,58.44 ,58.06 ,58.44
2018-12-28 20:00:00,58.44 ,58.46 ,57.915,58.085
2018-12-28 21:00:00,58.085,58.085,58.085,58.085
2018-12-31 15:00:00,58.68 ,58.69 ,58.175,58.175
2018-12-31 16:00:00,58.14 ,58.43 ,58.135,58.43
2018-12-31 17:00:00,58.405,58.52 ,58.275,58.295
2018-12-31 18:00:00,58.295,58.375,58.11 ,58.11
2018-12-31 19:00:00,58.08 ,58.415,58.08 ,58.295
2018-12-31 20:00:00,58.31 ,58.42 ,58.065,58.27
2018-12-31 21:00:00,58.27 ,58.27 ,58.27 ,58.27
2019-01-01 15:00:00,58.27 ,58.27 ,58.27 ,58.27
2019-01-01 16:00:00,58.27 ,58.27 ,58.27 ,58.27
2019-01-01 17:00:00,58.27 ,58.27 ,58.27 ,58.27
2019-01-01 18:00:00,58.27 ,58.27 ,58.27 ,58.27
2019-01-01 19:00:00,58.27 ,58.27 ,58.27 ,58.27
2019-01-01 20:00:00,58.27 ,58.27 ,58.27 ,58.27
2019-01-01 21:00:00,58.27 ,58.27 ,58.27 ,58.27
2019-01-02 15:00:00,58.195,59.085,58.135,58.995
2019-01-02 16:00:00,59.025,59.3  ,58.89 ,59.26
2019-01-02 17:00:00,59.27 ,59.48 ,59.16 ,59.48
2019-01-02 18:00:00,59.48 ,59.57 ,59.28 ,59.375
2019-01-02 19:00:00,59.375,59.475,59.26 ,59.33
2019-01-02 20:00:00,59.33 ,59.365,59.01 ,59.365
2019-01-02 21:00:00,59.365,59.365,59.365,59.365
2019-01-03 15:00:00,59.18 ,59.18 ,58.81 ,59.12
2019-01-03 16:00:00,59.11 ,59.505,59.02 ,59.33
2019-01-03 17:00:00,59.335,59.55 ,59.31 ,59.405
2019-01-03 18:00:00,59.405,59.405,59.11 ,59.22
2019-01-03 19:00:00,59.22 ,59.45 ,59.145,59.315
2019-01-03 20:00:00,59.315,59.315,59.135,59.24
2019-01-03 21:00:00,59.24 ,59.24 ,59.24 ,59.24
2019-01-04 15:00:00,60.37 ,60.61 ,60.08 ,60.58
2019-01-04 16:00:00,60.56 ,60.64 ,60.08 ,60.32
2019-01-04 17:00:00,60.35 ,60.495,60.195,60.385
2019-01-04 18:00:00,60.405,60.48 ,60.19 ,60.26
2019-01-04 19:00:00,60.29 ,60.52 ,60.2  ,60.45
2019-01-04 20:00:00,60.45 ,60.625,60.39 ,60.555
2019-01-04 21:00:00,60.555,60.555,60.555,60.555
2019-01-07 15:00:00,59.9  ,60.565,59.885,60.55
2019-01-07 16:00:00,60.535,60.69 ,60.33 ,60.61
2019-01-07 17:00:00,60.635,60.805,60.53 ,60.75
2019-01-07 18:00:00,60.75 ,60.78 ,60.515,60.56
2019-01-07 19:00:00,60.525,60.665,60.47 ,60.54
2019-01-07 20:00:00,60.57 ,60.67 ,60.54 ,60.625
2019-01-07 21:00:00,60.625,60.625,60.625,60.625
2019-01-08 15:00:00,60.61 ,60.64 ,60.3  ,60.445
2019-01-08 16:00:00,60.455,60.58 ,60.12 ,60.41
2019-01-08 17:00:00,60.41 ,60.485,60.15 ,60.21
2019-01-08 18:00:00,60.21 ,60.375,60.075,60.375
2019-01-08 19:00:00,60.375,60.38 ,60.28 ,60.295
2019-01-08 20:00:00,60.295,60.405,60.18 ,60.205
2019-01-08 21:00:00,60.205,60.205,60.205,60.205
2019-01-09 15:00:00,60.96 ,61.015,60.535,60.535
2019-01-09 16:00:00,60.54 ,60.785,60.525,60.72
2019-01-09 17:00:00,60.72 ,60.8  ,60.705,60.8
2019-01-09 18:00:00,60.8  ,60.96 ,60.74 ,60.94
2019-01-09 19:00:00,60.94 ,61.06 ,60.855,61.03
2019-01-09 20:00:00,60.995,61.055,60.745,60.96
2019-01-09 21:00:00,60.96 ,60.96 ,60.96 ,60.96
2019-01-10 15:00:00,60.58 ,60.97 ,60.565,60.94
2019-01-10 16:00:00,60.94 ,61.125,60.87 ,61.045
2019-01-10 17:00:00,61.04 ,61.085,60.83 ,60.88
2019-01-10 18:00:00,60.84 ,60.86 ,60.705,60.86
2019-01-10 19:00:00,60.88 ,61.06 ,60.88 ,61.01
2019-01-10 20:00:00,61.01 ,61.205,61.01 ,61.205
2019-01-10 21:00:00,61.205,61.205,61.205,61.205
2019-01-11 15:00:00,60.51 ,60.7  ,60.4  ,60.685
2019-01-11 16:00:00,60.675,60.73 ,60.525,60.7
2019-01-11 17:00:00,60.7  ,60.855,60.66 ,60.755
2019-01-11 18:00:00,60.755,60.755,60.485,60.555
2019-01-11 19:00:00,60.555,60.59 ,60.52 ,60.54
2019-01-11 20:00:00,60.54 ,60.56 ,60.43 ,60.485
2019-01-11 21:00:00,60.485,60.485,60.485,60.485
2019-01-14 15:00:00,60.475,60.785,60.445,60.54
2019-01-14 16:00:00,60.56 ,60.62 ,60.255,60.26
2019-01-14 17:00:00,60.26 ,60.555,60.26 ,60.5
2019-01-14 18:00:00,60.5  ,60.63 ,60.47 ,60.59
2019-01-14 19:00:00,60.59 ,60.59 ,60.39 ,60.48
2019-01-14 20:00:00,60.48 ,60.48 ,60.31 ,60.405
2019-01-14 21:00:00,60.405,60.405,60.405,60.405
2019-01-15 15:00:00,60.76 ,60.93 ,60.52 ,60.72
2019-01-15 16:00:00,60.735,60.755,60.35 ,60.43
2019-01-15 17:00:00,60.42 ,60.42 ,60.19 ,60.19
2019-01-15 18:00:00,60.195,60.335,60.17 ,60.325
2019-01-15 19:00:00,60.325,60.475,60.23 ,60.475
2019-01-15 20:00:00,60.465,60.565,60.4  ,60.415
2019-01-15 21:00:00,60.415,60.415,60.415,60.415
2019-01-16 15:00:00,59.985,60.2  ,59.875,60.03
2019-01-16 16:00:00,60.035,60.09 ,59.81 ,59.96
2019-01-16 17:00:00,59.96 ,59.97 ,59.83 ,59.87
2019-01-16 18:00:00,59.87 ,60.02 ,59.87 ,59.97
2019-01-16 19:00:00,59.97 ,60.2  ,59.97 ,60.08
2019-01-16 20:00:00,60.095,60.13 ,59.985,60.04
2019-01-16 21:00:00,60.04 ,60.04 ,60.04 ,60.04
2019-01-17 15:00:00,59.565,59.66 ,59.44 ,59.575
2019-01-17 16:00:00,59.575,59.655,59.515,59.63
2019-01-17 17:00:00,59.595,59.68 ,59.57 ,59.58
2019-01-17 18:00:00,59.62 ,59.88 ,59.62 ,59.88
2019-01-17 19:00:00,59.875,60.28 ,59.84 ,60.07
2019-01-17 20:00:00,60.07 ,60.21 ,59.975,60.125
2019-01-17 21:00:00,60.125,60.125,60.125,60.125
2019-01-18 15:00:00,60.9  ,61.27 ,60.81 ,61.225
2019-01-18 16:00:00,61.235,61.28 ,60.91 ,61.015
2019-01-18 17:00:00,61.015,61.11 ,61.0  ,61.0
2019-01-18 18:00:00,61.015,61.2  ,60.98 ,61.2
2019-01-18 19:00:00,61.235,61.285,61.205,61.215
2019-01-18 20:00:00,61.215,61.215,61.02 ,61.06
2019-01-18 21:00:00,61.06 ,61.06 ,61.06 ,61.06
2019-01-21 15:00:00,61.06 ,61.06 ,61.06 ,61.06
2019-01-21 16:00:00,61.06 ,61.06 ,61.06 ,61.06
2019-01-21 17:00:00,61.06 ,61.06 ,61.06 ,61.06
2019-01-21 18:00:00,61.06 ,61.06 ,61.06 ,61.06
2019-01-21 19:00:00,61.06 ,61.06 ,61.06 ,61.06
2019-01-21 20:00:00,61.06 ,61.06 ,61.06 ,61.06
2019-01-21 21:00:00,61.06 ,61.06 ,61.06 ,61.06
2019-01-22 15:00:00,59.99 ,60.005,59.66 ,59.675
2019-01-22 16:00:00,59.675,59.895,59.62 ,59.65
2019-01-22 17:00:00,59.65 ,59.735,59.645,59.695
2019-01-22 18:00:00,59.69 ,59.69 ,59.575,59.65
2019-01-22 19:00:00,59.665,59.7  ,59.495,59.56
2019-01-22 20:00:00,59.58 ,59.67 ,59.41 ,59.615
2019-01-22 21:00:00,59.615,59.615,59.615,59.615
2019-01-23 15:00:00,59.1  ,59.215,58.97 ,58.99
2019-01-23 16:00:00,58.99 ,59.0  ,58.69 ,58.69
2019-01-23 17:00:00,58.69 ,58.905,58.59 ,58.885
2019-01-23 18:00:00,58.885,58.915,58.795,58.86
2019-01-23 19:00:00,58.84 ,58.895,58.66 ,58.73
2019-01-23 20:00:00,58.73 ,58.975,58.73 ,58.95
2019-01-23 21:00:00,58.95 ,58.95 ,58.95 ,58.95
2019-01-24 15:00:00,58.72 ,59.14 ,58.69 ,59.105
2019-01-24 16:00:00,59.065,59.345,59.02 ,59.295
2019-01-24 17:00:00,59.295,59.295,58.945,58.945
2019-01-24 18:00:00,58.945,58.95 ,58.855,58.895
2019-01-24 19:00:00,58.895,58.915,58.805,58.85
2019-01-24 20:00:00,58.815,58.97 ,58.815,58.86
2019-01-24 21:00:00,58.86 ,58.86 ,58.86 ,58.86
2019-01-25 15:00:00,59.385,59.41 ,59.23 ,59.365
2019-01-25 16:00:00,59.35 ,59.39 ,59.23 ,59.28
2019-01-25 17:00:00,59.23 ,59.36 ,59.165,59.21
2019-01-25 18:00:00,59.285,59.435,59.28 ,59.41
2019-01-25 19:00:00,59.41 ,59.41 ,59.18 ,59.215
2019-01-25 20:00:00,59.215,59.275,59.155,59.165
2019-01-25 21:00:00,59.165,59.165,59.165,59.165
2019-01-28 15:00:00,58.28 ,58.495,58.2  ,58.34
2019-01-28 16:00:00,58.33 ,58.41 ,58.185,58.21
2019-01-28 17:00:00,58.21 ,58.33 ,58.14 ,58.225
2019-01-28 18:00:00,58.21 ,58.525,58.21 ,58.525
2019-01-28 19:00:00,58.53 ,58.65 ,58.455,58.6
2019-01-28 20:00:00,58.56 ,58.67 ,58.535,58.625
2019-01-28 21:00:00,58.625,58.625,58.625,58.625
2019-01-29 15:00:00,59.14 ,59.2  ,58.76 ,58.795
2019-01-29 16:00:00,58.76 ,59.0  ,58.67 ,58.97
2019-01-29 17:00:00,58.98 ,59.02 ,58.89 ,59.005
2019-01-29 18:00:00,59.005,59.11 ,59.0  ,59.02
2019-01-29 19:00:00,59.015,59.02 ,58.86 ,58.87
2019-01-29 20:00:00,58.86 ,58.96 ,58.8  ,58.835
2019-01-29 21:00:00,58.835,58.835,58.835,58.835
2019-01-30 15:00:00,59.46 ,59.475,59.26 ,59.37
2019-01-30 16:00:00,59.36 ,59.51 ,59.325,59.48
2019-01-30 17:00:00,59.48 ,59.48 ,59.355,59.435
2019-01-30 18:00:00,59.435,59.455,59.33 ,59.36
2019-01-30 19:00:00,59.46 ,59.77 ,59.46 ,59.69
2019-01-30 20:00:00,59.74 ,59.74 ,59.53 ,59.58
2019-01-30 21:00:00,59.58 ,59.58 ,59.58 ,59.58
2019-01-31 15:00:00,61.945,62.325,61.945,62.05
2019-01-31 16:00:00,62.025,62.1  ,61.925,61.99
2019-01-31 17:00:00,61.99 ,61.99 ,61.78 ,61.795
2019-01-31 18:00:00,61.765,61.89 ,61.64 ,61.655
2019-01-31 19:00:00,61.645,61.74 ,61.605,61.725
2019-01-31 20:00:00,61.7  ,61.81 ,61.655,61.755
2019-01-31 21:00:00,61.755,61.755,61.755,61.755
2019-02-01 15:00:00,62.13 ,62.31 ,61.985,62.26
2019-02-01 16:00:00,62.245,62.42 ,62.17 ,62.385
2019-02-01 17:00:00,62.42 ,62.585,62.4  ,62.52
2019-02-01 18:00:00,62.54 ,62.76 ,62.52 ,62.685
2019-02-01 19:00:00,62.685,62.685,62.55 ,62.585
2019-02-01 20:00:00,62.585,62.805,62.455,62.795
2019-02-01 21:00:00,62.795,62.795,62.795,62.795
2019-02-04 15:00:00,62.815,62.94 ,62.675,62.88
2019-02-04 16:00:00,62.87 ,63.23 ,62.85 ,63.23
2019-02-04 17:00:00,63.23 ,63.25 ,63.06 ,63.095
2019-02-04 18:00:00,63.065,63.175,63.06 ,63.175
2019-02-04 19:00:00,63.185,63.295,63.1  ,63.28
2019-02-04 20:00:00,63.295,63.41 ,63.27 ,63.405
2019-02-04 21:00:00,63.405,63.405,63.405,63.405
2019-02-05 15:00:00,63.61 ,63.795,63.53 ,63.75
2019-02-05 16:00:00,63.745,63.765,63.54 ,63.655
2019-02-05 17:00:00,63.65 ,63.655,63.555,63.555
2019-02-05 18:00:00,63.555,63.665,63.53 ,63.66
2019-02-05 19:00:00,63.67 ,63.765,63.655,63.675
2019-02-05 20:00:00,63.62 ,63.695,63.55 ,63.695
2019-02-05 21:00:00,63.695,63.695,63.695,63.695
2019-02-06 15:00:00,63.43 ,63.77 ,63.29 ,63.73
2019-02-06 16:00:00,63.73 ,63.81 ,63.595,63.7
2019-02-06 17:00:00,63.69 ,63.85 ,63.67 ,63.835
2019-02-06 18:00:00,63.835,63.85 ,63.79 ,63.825
2019-02-06 19:00:00,63.825,63.945,63.76 ,63.945
2019-02-06 20:00:00,63.93 ,63.965,63.835,63.845
2019-02-06 21:00:00,63.845,63.845,63.845,63.845
2019-02-07 15:00:00,63.235,63.345,62.9  ,62.935
2019-02-07 16:00:00,62.925,62.975,62.65 ,62.65
2019-02-07 17:00:00,62.61 ,62.9  ,62.56 ,62.77
2019-02-07 18:00:00,62.77 ,62.9  ,62.705,62.785
2019-02-07 19:00:00,62.74 ,62.9  ,62.64 ,62.9
2019-02-07 20:00:00,62.9  ,62.9  ,62.71 ,62.875
2019-02-07 21:00:00,62.875,62.875,62.875,62.875
2019-02-08 15:00:00,62.42 ,62.63 ,62.34 ,62.365
2019-02-08 16:00:00,62.355,62.59 ,62.28 ,62.59
2019-02-08 17:00:00,62.55 ,62.83 ,62.54 ,62.825
2019-02-08 18:00:00,62.825,62.86 ,62.74 ,62.755
2019-02-08 19:00:00,62.755,62.88 ,62.75 ,62.78
2019-02-08 20:00:00,62.785,62.945,62.77 ,62.91
2019-02-08 21:00:00,62.91 ,62.91 ,62.91 ,62.91
2019-02-11 15:00:00,62.34 ,62.525,62.325,62.39
2019-02-11 16:00:00,62.38 ,62.535,62.37 ,62.515
2019-02-11 17:00:00,62.51 ,62.62 ,62.51 ,62.58
2019-02-11 18:00:00,62.57 ,62.6  ,62.5  ,62.58
2019-02-11 19:00:00,62.58 ,62.64 ,62.43 ,62.465
2019-02-11 20:00:00,62.465,62.535,62.46 ,62.47
2019-02-11 21:00:00,62.47 ,62.47 ,62.47 ,62.47
2019-02-12 15:00:00,63.2  ,63.225,63.045,63.13
2019-02-12 16:00:00,63.095,63.17 ,62.89 ,63.16
2019-02-12 17:00:00,63.16 ,63.23 ,63.16 ,63.2
2019-02-12 18:00:00,63.2  ,63.2  ,63.2  ,63.2
2019-02-12 19:00:00,63.2  ,63.33 ,63.2  ,63.28
2019-02-12 20:00:00,63.28 ,63.32 ,63.14 ,63.185
2019-02-12 21:00:00,63.185,63.185,63.185,63.185
2019-02-13 15:00:00,63.305,63.36 ,63.17 ,63.17
2019-02-13 16:00:00,63.19 ,63.3  ,63.035,63.21
2019-02-13 17:00:00,63.235,63.245,63.035,63.115
2019-02-13 18:00:00,63.115,63.19 ,63.045,63.05
2019-02-13 19:00:00,63.05 ,63.06 ,62.96 ,63.01
2019-02-13 20:00:00,63.0  ,63.105,62.95 ,63.05
2019-02-13 21:00:00,63.05 ,63.05 ,63.05 ,63.05
2019-02-14 15:00:00,62.195,62.405,62.02 ,62.275
2019-02-14 16:00:00,62.265,62.29 ,61.985,62.13
2019-02-14 17:00:00,62.11 ,62.43 ,62.11 ,62.43
2019-02-14 18:00:00,62.44 ,62.44 ,62.32 ,62.355
2019-02-14 19:00:00,62.355,62.435,62.275,62.4
2019-02-14 20:00:00,62.4  ,62.47 ,62.095,62.095
2019-02-14 21:00:00,62.095,62.095,62.095,62.095
2019-02-15 15:00:00,62.385,62.74 ,62.285,62.52
2019-02-15 16:00:00,62.52 ,62.61 ,62.28 ,62.335
2019-02-15 17:00:00,62.34 ,62.37 ,62.23 ,62.26
2019-02-15 18:00:00,62.26 ,62.29 ,62.15 ,62.195
2019-02-15 19:00:00,62.205,62.41 ,62.205,62.41
2019-02-15 20:00:00,62.425,62.555,62.41 ,62.55
2019-02-15 21:00:00,62.55 ,62.55 ,62.55 ,62.55
2019-02-18 15:00:00,62.55 ,62.55 ,62.55 ,62.55
2019-02-18 16:00:00,62.55 ,62.55 ,62.55 ,62.55
2019-02-18 17:00:00,62.55 ,62.55 ,62.55 ,62.55
2019-02-18 18:00:00,62.55 ,62.55 ,62.55 ,62.55
2019-02-18 19:00:00,62.55 ,62.55 ,62.55 ,62.55
2019-02-18 20:00:00,62.55 ,62.55 ,62.55 ,62.55
2019-02-18 21:00:00,62.55 ,62.55 ,62.55 ,62.55
2019-02-19 15:00:00,62.745,62.845,62.61 ,62.73
2019-02-19 16:00:00,62.77 ,63.06 ,62.745,63.0
2019-02-19 17:00:00,63.075,63.16 ,63.03 ,63.1
2019-02-19 18:00:00,63.1  ,63.2  ,63.06 ,63.19
2019-02-19 19:00:00,63.19 ,63.25 ,63.14 ,63.19
2019-02-19 20:00:00,63.19 ,63.23 ,63.12 ,63.17
2019-02-19 21:00:00,63.17 ,63.17 ,63.17 ,63.17
2019-02-20 15:00:00,63.12 ,63.37 ,63.11 ,63.33
2019-02-20 16:00:00,63.33 ,63.54 ,63.23 ,63.53
2019-02-20 17:00:00,63.55 ,63.55 ,63.46 ,63.52
2019-02-20 18:00:00,63.525,63.64 ,63.525,63.54
2019-02-20 19:00:00,63.54 ,63.54 ,63.35 ,63.38
2019-02-20 20:00:00,63.38 ,63.42 ,63.27 ,63.27
2019-02-20 21:00:00,63.27 ,63.27 ,63.27 ,63.27
2019-02-21 15:00:00,62.98 ,62.98 ,62.61 ,62.665
2019-02-21 16:00:00,62.665,62.84 ,62.59 ,62.63
2019-02-21 17:00:00,62.56 ,62.59 ,62.34 ,62.52
2019-02-21 18:00:00,62.52 ,62.55 ,62.4  ,62.52
2019-02-21 19:00:00,62.52 ,62.52 ,62.25 ,62.27
2019-02-21 20:00:00,62.275,62.375,62.21 ,62.375
2019-02-21 21:00:00,62.375,62.375,62.375,62.375
2019-02-22 15:00:00,62.76 ,62.8  ,62.56 ,62.66
2019-02-22 16:00:00,62.705,62.78 ,62.67 ,62.67
2019-02-22 17:00:00,62.67 ,62.815,62.67 ,62.805
2019-02-22 18:00:00,62.805,62.815,62.745,62.755
2019-02-22 19:00:00,62.755,62.805,62.675,62.715
2019-02-22 20:00:00,62.715,62.77 ,62.65 ,62.71
2019-02-22 21:00:00,62.71 ,62.71 ,62.71 ,62.71
2019-02-25 15:00:00,62.705,62.71 ,62.53 ,62.685
2019-02-25 16:00:00,62.685,62.705,62.405,62.405
2019-02-25 17:00:00,62.36 ,62.475,62.36 ,62.42
2019-02-25 18:00:00,62.445,62.545,62.41 ,62.535
2019-02-25 19:00:00,62.535,62.605,62.535,62.605
2019-02-25 20:00:00,62.605,62.615,62.495,62.555
2019-02-25 21:00:00,62.555,62.555,62.555,62.555
2019-02-26 15:00:00,62.77 ,62.88 ,62.6  ,62.84
2019-02-26 16:00:00,62.8  ,63.09 ,62.8  ,62.84
2019-02-26 17:00:00,62.805,62.805,62.67 ,62.715
2019-02-26 18:00:00,62.715,62.73 ,62.6  ,62.6
2019-02-26 19:00:00,62.6  ,62.74 ,62.6  ,62.715
2019-02-26 20:00:00,62.715,62.75 ,62.485,62.485
2019-02-26 21:00:00,62.485,62.485,62.485,62.485
2019-02-27 15:00:00,62.695,62.94 ,62.555,62.86
2019-02-27 16:00:00,62.9  ,62.95 ,62.77 ,62.77
2019-02-27 17:00:00,62.77 ,62.77 ,62.725,62.77
2019-02-27 18:00:00,62.77 ,62.805,62.74 ,62.75
2019-02-27 19:00:00,62.78 ,62.78 ,62.705,62.73
2019-02-27 20:00:00,62.71 ,62.72 ,62.495,62.515
2019-02-27 21:00:00,62.515,62.515,62.515,62.515
2019-02-28 15:00:00,62.46 ,62.495,62.31 ,62.375
2019-02-28 16:00:00,62.375,62.63 ,62.29 ,62.3
2019-02-28 17:00:00,62.3  ,62.405,62.27 ,62.35
2019-02-28 18:00:00,62.35 ,62.37 ,62.25 ,62.27
2019-02-28 19:00:00,62.27 ,62.27 ,62.15 ,62.22
2019-02-28 20:00:00,62.22 ,62.31 ,62.19 ,62.27
2019-02-28 21:00:00,62.27 ,62.27 ,62.27 ,62.27
2019-03-01 15:00:00,62.46 ,62.59 ,62.295,62.445
2019-03-01 16:00:00,62.46 ,62.46 ,62.095,62.265
2019-03-01 17:00:00,62.205,62.27 ,62.14 ,62.27
2019-03-01 18:00:00,62.27 ,62.32 ,62.195,62.195
2019-03-01 19:00:00,62.185,62.26 ,62.165,62.23
2019-03-01 20:00:00,62.23 ,62.295,62.055,62.295
2019-03-01 21:00:00,62.295,62.295,62.295,62.295
2019-03-04 15:00:00,62.27 ,62.27 ,62.115,62.145
2019-03-04 16:00:00,62.145,62.175,61.88 ,61.92
2019-03-04 17:00:00,61.91 ,62.005,61.81 ,61.855
2019-03-04 18:00:00,61.84 ,62.01 ,61.8  ,62.01
2019-03-04 19:00:00,62.01 ,62.09 ,62.01 ,62.09
2019-03-04 20:00:00,62.09 ,62.285,62.015,62.285
2019-03-04 21:00:00,62.285,62.285,62.285,62.285
2019-03-05 15:00:00,62.185,62.24 ,62.125,62.24
2019-03-05 16:00:00,62.26 ,62.315,62.19 ,62.24
2019-03-05 17:00:00,62.22 ,62.3  ,62.205,62.3
2019-03-05 18:00:00,62.37 ,62.39 ,62.27 ,62.3
2019-03-05 19:00:00,62.3  ,62.405,62.275,62.295
2019-03-05 20:00:00,62.315,62.39 ,62.26 ,62.38
2019-03-05 21:00:00,62.38 ,62.38 ,62.38 ,62.38
2019-03-06 15:00:00,62.325,62.445,62.225,62.245
2019-03-06 16:00:00,62.26 ,62.42 ,62.25 ,62.33
2019-03-06 17:00:00,62.33 ,62.35 ,62.26 ,62.26
2019-03-06 18:00:00,62.26 ,62.355,62.2  ,62.34
2019-03-06 19:00:00,62.34 ,62.415,62.24 ,62.24
2019-03-06 20:00:00,62.22 ,62.39 ,62.22 ,62.36
2019-03-06 21:00:00,62.36 ,62.36 ,62.36 ,62.36
2019-03-07 15:00:00,61.71 ,61.905,61.655,61.83
2019-03-07 16:00:00,61.8  ,61.84 ,61.68 ,61.78
2019-03-07 17:00:00,61.775,61.865,61.735,61.855
2019-03-07 18:00:00,61.82 ,61.825,61.715,61.745
2019-03-07 19:00:00,61.755,61.81 ,61.615,61.665
2019-03-07 20:00:00,61.665,61.685,61.56 ,61.57
2019-03-07 21:00:00,61.57 ,61.57 ,61.57 ,61.57
2019-03-08 15:00:00,60.47 ,60.84 ,60.405,60.7
2019-03-08 16:00:00,60.685,60.79 ,60.475,60.475
2019-03-08 17:00:00,60.46 ,60.555,60.445,60.475
2019-03-08 18:00:00,60.475,60.535,60.445,60.535
2019-03-08 19:00:00,60.57 ,60.685,60.52 ,60.655
2019-03-08 20:00:00,60.655,60.81 ,60.625,60.765
2019-03-08 21:00:00,60.765,60.765,60.765,60.765
2019-03-11 14:00:00,61.09 ,61.17 ,61.065,61.14
2019-03-11 15:00:00,61.13 ,61.255,61.125,61.255
2019-03-11 16:00:00,61.255,61.28 ,61.225,61.235
2019-03-11 17:00:00,61.26 ,61.305,61.25 ,61.305
2019-03-11 18:00:00,61.305,61.36 ,61.305,61.35
2019-03-11 19:00:00,61.34 ,61.375,61.185,61.205
2019-03-11 20:00:00,61.205,61.205,61.205,61.205
2019-03-12 14:00:00,61.445,61.65 ,61.445,61.645
2019-03-12 15:00:00,61.645,61.65 ,61.45 ,61.58
2019-03-12 16:00:00,61.58 ,61.6  ,61.48 ,61.515
2019-03-12 17:00:00,61.495,61.53 ,61.485,61.49
2019-03-12 18:00:00,61.49 ,61.55 ,61.45 ,61.45
2019-03-12 19:00:00,61.445,61.445,61.32 ,61.325
2019-03-12 20:00:00,61.325,61.325,61.325,61.325
2019-03-13 14:00:00,62.35 ,62.48 ,62.245,62.39
2019-03-13 15:00:00,62.385,62.565,62.38 ,62.48
2019-03-13 16:00:00,62.485,62.54 ,62.3  ,62.54
2019-03-13 17:00:00,62.54 ,62.705,62.54 ,62.68
2019-03-13 18:00:00,62.685,62.865,62.685,62.835
2019-03-13 19:00:00,62.815,63.03 ,62.805,63.0
2019-03-13 20:00:00,63.0  ,63.0  ,63.0  ,63.0
2019-03-14 14:00:00,63.28 ,63.33 ,63.05 ,63.06
2019-03-14 15:00:00,63.075,63.215,63.005,63.175
2019-03-14 16:00:00,63.185,63.245,63.065,63.215
2019-03-14 17:00:00,63.22 ,63.22 ,63.05 ,63.085
2019-03-14 18:00:00,63.1  ,63.165,63.045,63.075
2019-03-14 19:00:00,63.065,63.095,63.0  ,63.05
2019-03-14 20:00:00,63.05 ,63.05 ,63.05 ,63.05
2019-03-15 14:00:00,63.27 ,63.37 ,63.095,63.31
2019-03-15 15:00:00,63.305,63.435,63.27 ,63.275
2019-03-15 16:00:00,63.29 ,63.48 ,63.29 ,63.34
2019-03-15 17:00:00,63.34 ,63.345,63.25 ,63.345
2019-03-15 18:00:00,63.345,63.345,63.225,63.275
2019-03-15 19:00:00,63.28 ,63.295,63.205,63.25
2019-03-15 20:00:00,63.25 ,63.25 ,63.25 ,63.25
2019-03-18 14:00:00,63.83 ,63.88 ,63.745,63.845
2019-03-18 15:00:00,63.84 ,63.91 ,63.795,63.86
2019-03-18 16:00:00,63.87 ,63.995,63.87 ,63.97
2019-03-18 17:00:00,63.97 ,64.06 ,63.955,64.06
2019-03-18 18:00:00,64.055,64.115,63.995,64.085
2019-03-18 19:00:00,64.08 ,64.175,64.025,64.075
2019-03-18 20:00:00,64.075,64.075,64.075,64.075
2019-03-19 14:00:00,64.435,64.5  ,64.39 ,64.41
2019-03-19 15:00:00,64.44 ,64.55 ,64.34 ,64.45
2019-03-19 16:00:00,64.5  ,64.56 ,64.145,64.225
2019-03-19 17:00:00,64.225,64.225,64.14 ,64.18
2019-03-19 18:00:00,64.18 ,64.18 ,64.045,64.05
2019-03-19 19:00:00,64.05 ,64.06 ,63.865,63.955
2019-03-19 20:00:00,63.955,63.955,63.955,63.955
2019-03-20 14:00:00,63.83 ,64.06 ,63.7  ,64.05
2019-03-20 15:00:00,64.05 ,64.25 ,64.05 ,64.14
2019-03-20 16:00:00,64.14 ,64.22 ,63.94 ,63.98
2019-03-20 17:00:00,63.98 ,64.08 ,63.98 ,64.08
2019-03-20 18:00:00,64.08 ,64.695,64.08 ,64.695
2019-03-20 19:00:00,64.715,64.72 ,64.465,64.465
2019-03-20 20:00:00,64.465,64.465,64.465,64.465
2019-03-21 14:00:00,64.285,64.33 ,64.115,64.195
2019-03-21 15:00:00,64.24 ,64.33 ,64.135,64.28
2019-03-21 16:00:00,64.315,64.315,63.965,64.005
2019-03-21 17:00:00,63.99 ,64.14 ,63.99 ,64.125
2019-03-21 18:00:00,64.125,64.22 ,64.125,64.155
2019-03-21 19:00:00,64.155,64.22 ,64.08 ,64.085
2019-03-21 20:00:00,64.085,64.085,64.085,64.085
2019-03-22 14:00:00,63.12 ,63.31 ,62.9  ,62.94
2019-03-22 15:00:00,62.915,63.06 ,62.75 ,62.785
2019-03-22 16:00:00,62.79 ,63.115,62.77 ,62.915
2019-03-22 17:00:00,62.945,63.1  ,62.945,63.025
2019-03-22 18:00:00,63.025,63.29 ,63.025,63.275
2019-03-22 19:00:00,63.245,63.285,62.865,62.87
2019-03-22 20:00:00,62.87 ,62.87 ,62.87 ,62.87
2019-03-25 14:00:00,62.84 ,62.99 ,62.79 ,62.91
2019-03-25 15:00:00,62.9  ,63.02 ,62.81 ,62.81
2019-03-25 16:00:00,62.815,62.87 ,62.69 ,62.8
2019-03-25 17:00:00,62.8  ,62.87 ,62.73 ,62.77
2019-03-25 18:00:00,62.77 ,62.77 ,62.54 ,62.605
2019-03-25 19:00:00,62.615,62.775,62.585,62.765
2019-03-25 20:00:00,62.765,62.765,62.765,62.765
2019-03-26 14:00:00,63.7  ,63.76 ,63.515,63.655
2019-03-26 15:00:00,63.62 ,63.67 ,63.38 ,63.4
2019-03-26 16:00:00,63.405,63.42 ,63.15 ,63.215
2019-03-26 17:00:00,63.215,63.29 ,63.17 ,63.225
2019-03-26 18:00:00,63.225,63.245,63.135,63.195
2019-03-26 19:00:00,63.195,63.245,63.155,63.205
2019-03-26 20:00:00,63.205,63.205,63.205,63.205
2019-03-27 14:00:00,62.675,62.885,62.475,62.545
2019-03-27 15:00:00,62.555,62.58 ,62.24 ,62.31
2019-03-27 16:00:00,62.3  ,62.76 ,62.265,62.755
2019-03-27 17:00:00,62.68 ,62.81 ,62.65 ,62.705
2019-03-27 18:00:00,62.705,62.78 ,62.61 ,62.64
2019-03-27 19:00:00,62.635,62.685,62.55 ,62.585
2019-03-27 20:00:00,62.585,62.585,62.585,62.585
2019-03-28 14:00:00,62.545,62.705,62.51 ,62.6
2019-03-28 15:00:00,62.6  ,62.6  ,62.44 ,62.485
2019-03-28 16:00:00,62.46 ,62.49 ,62.32 ,62.35
2019-03-28 17:00:00,62.34 ,62.475,62.34 ,62.47
2019-03-28 18:00:00,62.47 ,62.555,62.445,62.555
2019-03-28 19:00:00,62.555,62.655,62.535,62.615
2019-03-28 20:00:00,62.615,62.615,62.615,62.615
2019-03-29 14:00:00,63.005,63.005,62.535,62.64
2019-03-29 15:00:00,62.635,62.79 ,62.635,62.715
2019-03-29 16:00:00,62.715,62.825,62.64 ,62.69
2019-03-29 17:00:00,62.69 ,62.69 ,62.57 ,62.57
2019-03-29 18:00:00,62.57 ,62.605,62.535,62.545
2019-03-29 19:00:00,62.615,62.67 ,62.52 ,62.595
2019-03-29 20:00:00,62.595,62.595,62.595,62.595
2019-04-01 14:00:00,63.33 ,63.44 ,63.2  ,63.405
2019-04-01 15:00:00,63.425,63.425,63.26 ,63.27
2019-04-01 16:00:00,63.27 ,63.335,63.255,63.325
2019-04-01 17:00:00,63.325,63.335,63.24 ,63.26
2019-04-01 18:00:00,63.26 ,63.325,63.215,63.215
2019-04-01 19:00:00,63.215,63.3  ,63.185,63.28
2019-04-01 20:00:00,63.28 ,63.28 ,63.28 ,63.28
2019-04-02 14:00:00,63.58 ,63.63 ,63.405,63.405
2019-04-02 15:00:00,63.385,63.42 ,63.28 ,63.37
2019-04-02 16:00:00,63.365,63.375,63.29 ,63.35
2019-04-02 17:00:00,63.365,63.515,63.365,63.43
2019-04-02 18:00:00,63.405,63.415,63.315,63.385
2019-04-02 19:00:00,63.405,63.515,63.405,63.515
2019-04-02 20:00:00,63.515,63.515,63.515,63.515
2019-04-03 14:00:00,63.96 ,64.08 ,63.925,64.0
2019-04-03 15:00:00,64.02 ,64.14 ,63.935,64.14
2019-04-03 16:00:00,64.14 ,64.14 ,63.895,63.895
2019-04-03 17:00:00,63.84 ,63.87 ,63.74 ,63.74
2019-04-03 18:00:00,63.74 ,63.77 ,63.625,63.74
2019-04-03 19:00:00,63.74 ,63.82 ,63.67 ,63.82
2019-04-03 20:00:00,63.82 ,63.82 ,63.82 ,63.82
2019-04-04 14:00:00,63.63 ,63.7  ,63.45 ,63.575
2019-04-04 15:00:00,63.59 ,63.89 ,63.54 ,63.89
2019-04-04 16:00:00,63.93 ,63.93 ,63.84 ,63.88
2019-04-04 17:00:00,63.88 ,63.95 ,63.825,63.95
2019-04-04 18:00:00,63.95 ,63.985,63.815,63.815
2019-04-04 19:00:00,63.815,63.945,63.81 ,63.915
2019-04-04 20:00:00,63.915,63.915,63.915,63.915
2019-04-05 14:00:00,64.22 ,64.485,64.195,64.415
2019-04-05 15:00:00,64.405,64.545,64.36 ,64.51
2019-04-05 16:00:00,64.49 ,64.54 ,64.39 ,64.51
2019-04-05 17:00:00,64.51 ,64.62 ,64.48 ,64.62
2019-04-05 18:00:00,64.62 ,64.62 ,64.5  ,64.54
2019-04-05 19:00:00,64.54 ,64.56 ,64.43 ,64.525
2019-04-05 20:00:00,64.525,64.525,64.525,64.525
2019-04-08 14:00:00,65.03 ,65.285,64.97 ,65.115
2019-04-08 15:00:00,65.115,65.34 ,65.11 ,65.275
2019-04-08 16:00:00,65.285,65.33 ,65.225,65.3
2019-04-08 17:00:00,65.3  ,65.315,65.23 ,65.24
2019-04-08 18:00:00,65.245,65.245,65.105,65.225
2019-04-08 19:00:00,65.25 ,65.28 ,65.185,65.26
2019-04-08 20:00:00,65.26 ,65.26 ,65.26 ,65.26
2019-04-09 14:00:00,64.75 ,64.975,64.61 ,64.71
2019-04-09 15:00:00,64.715,64.8  ,64.645,64.65
2019-04-09 16:00:00,64.665,64.815,64.66 ,64.66
2019-04-09 17:00:00,64.655,64.7  ,64.555,64.6
2019-04-09 18:00:00,64.6  ,64.63 ,64.55 ,64.56
2019-04-09 19:00:00,64.565,64.665,64.545,64.58
2019-04-09 20:00:00,64.58 ,64.58 ,64.58 ,64.58
2019-04-10 14:00:00,64.96 ,65.06 ,64.905,64.97
2019-04-10 15:00:00,64.955,65.245,64.955,65.2
2019-04-10 16:00:00,65.235,65.295,65.2  ,65.285
2019-04-10 17:00:00,65.285,65.295,65.225,65.25
2019-04-10 18:00:00,65.25 ,65.275,65.135,65.16
2019-04-10 19:00:00,65.16 ,65.205,64.995,65.01
2019-04-10 20:00:00,65.01 ,65.01 ,65.01 ,65.01
2019-04-11 14:00:00,64.935,65.065,64.935,65.005
2019-04-11 15:00:00,65.015,65.03 ,64.755,64.815
2019-04-11 16:00:00,64.815,64.815,64.695,64.755
2019-04-11 17:00:00,64.745,64.785,64.685,64.755
2019-04-11 18:00:00,64.755,64.805,64.74 ,64.79
2019-04-11 19:00:00,64.795,64.945,64.79 ,64.925
2019-04-11 20:00:00,64.925,64.925,64.925,64.925
2019-04-12 14:00:00,64.92 ,64.96 ,64.755,64.83
2019-04-12 15:00:00,64.82 ,64.92 ,64.765,64.765
2019-04-12 16:00:00,64.77 ,64.78 ,64.665,64.74
2019-04-12 17:00:00,64.74 ,64.865,64.72 ,64.765
2019-04-12 18:00:00,64.765,64.765,64.505,64.505
2019-04-12 19:00:00,64.505,64.59 ,64.465,64.505
2019-04-12 20:00:00,64.505,64.505,64.505,64.505
2019-04-15 14:00:00,64.545,64.695,64.45 ,64.54
2019-04-15 15:00:00,64.56 ,64.635,64.465,64.625
2019-04-15 16:00:00,64.625,64.675,64.58 ,64.65
2019-04-15 17:00:00,64.65 ,64.705,64.625,64.685
2019-04-15 18:00:00,64.685,64.69 ,64.525,64.55
2019-04-15 19:00:00,64.56 ,64.565,64.465,64.565
2019-04-15 20:00:00,64.565,64.565,64.565,64.565
2019-04-16 14:00:00,64.36 ,64.455,64.3  ,64.335
2019-04-16 15:00:00,64.345,64.495,64.3  ,64.38
2019-04-16 16:00:00,64.4  ,64.4  ,64.305,64.38
2019-04-16 17:00:00,64.4  ,64.45 ,64.36 ,64.395
2019-04-16 18:00:00,64.395,64.515,64.395,64.47
2019-04-16 19:00:00,64.47 ,64.495,64.29 ,64.3
2019-04-16 20:00:00,64.3  ,64.3  ,64.3  ,64.3
2019-04-17 14:00:00,64.79 ,64.79 ,64.56 ,64.61
2019-04-17 15:00:00,64.605,64.665,64.52 ,64.62
2019-04-17 16:00:00,64.62 ,64.62 ,64.52 ,64.62
2019-04-17 17:00:00,64.605,64.725,64.605,64.705
2019-04-17 18:00:00,64.705,64.705,64.525,64.53
2019-04-17 19:00:00,64.53 ,64.635,64.455,64.6
2019-04-17 20:00:00,64.6  ,64.6  ,64.6  ,64.6
2019-04-18 14:00:00,64.375,64.375,64.07 ,64.095
2019-04-18 15:00:00,64.085,64.21 ,64.02 ,64.175
2019-04-18 16:00:00,64.175,64.18 ,64.035,64.15
2019-04-18 17:00:00,64.15 ,64.255,64.15 ,64.23
2019-04-18 18:00:00,64.22 ,64.23 ,64.135,64.185
2019-04-18 19:00:00,64.225,64.295,64.205,64.21
2019-04-18 20:00:00,64.21 ,64.21 ,64.21 ,64.21
2019-04-19 14:00:00,64.21 ,64.21 ,64.21 ,64.21
2019-04-19 15:00:00,64.21 ,64.21 ,64.21 ,64.21
2019-04-19 16:00:00,64.21 ,64.21 ,64.21 ,64.21
2019-04-19 17:00:00,64.21 ,64.21 ,64.21 ,64.21
2019-04-19 18:00:00,64.21 ,64.21 ,64.21 ,64.21
2019-04-19 19:00:00,64.21 ,64.21 ,64.21 ,64.21
2019-04-19 20:00:00,64.21 ,64.21 ,64.21 ,64.21
2019-04-22 14:00:00,64.93 ,65.045,64.85 ,65.015
2019-04-22 15:00:00,65.015,65.255,64.99 ,65.245
2019-04-22 16:00:00,65.235,65.4  ,65.235,65.365
2019-04-22 17:00:00,65.365,65.39 ,65.315,65.35
2019-04-22 18:00:00,65.35 ,65.36 ,65.195,65.27
2019-04-22 19:00:00,65.27 ,65.32 ,65.22 ,65.245
2019-04-22 20:00:00,65.245,65.245,65.245,65.245
2019-04-23 14:00:00,65.26 ,65.35 ,65.115,65.345
2019-04-23 15:00:00,65.35 ,65.39 ,65.11 ,65.22
2019-04-23 16:00:00,65.22 ,65.255,65.05 ,65.095
2019-04-23 17:00:00,65.095,65.13 ,64.98 ,64.98
2019-04-23 18:00:00,64.98 ,65.055,64.965,64.995
2019-04-23 19:00:00,64.995,65.025,64.94 ,64.99
