,close,date,high,low,open
0,40.065,2018-02-15 14:30:00,40.065,40.065,40.065
1,40.0,2018-02-15 14:31:00,40.035,40.0,40.035
2,40.0,2018-02-15 14:32:00,40.035,40.0,40.03
3,39.965,2018-02-15 14:33:00,40.005,39.965,40.005
4,39.885,2018-02-15 14:34:00,39.97,39.885,39.955
5,39.89,2018-02-15 14:35:00,39.9,39.89,39.89
6,39.85,2018-02-15 14:36:00,39.875,39.85,39.875
7,39.845,2018-02-15 14:37:00,39.855,39.84,39.85
8,39.82,2018-02-15 14:38:00,39.825,39.81,39.82
9,39.86,2018-02-15 14:39:00,39.86,39.85,39.85
10,39.89,2018-02-15 14:40:00,39.89,39.865,39.865
11,39.93,2018-02-15 14:41:00,39.93,39.89,39.89
12,39.885,2018-02-15 14:42:00,39.935,39.885,39.935
13,39.845,2018-02-15 14:43:00,39.865,39.845,39.86
14,39.85,2018-02-15 14:44:00,39.865,39.82,39.85
15,39.79,2018-02-15 14:45:00,39.825,39.79,39.82
16,39.79,2018-02-15 14:46:00,39.79,39.775,39.775
17,39.86,2018-02-15 14:47:00,39.86,39.85,39.85
18,39.89,2018-02-15 14:48:00,39.89,39.86,39.86
19,39.89,2018-02-15 14:49:00,39.9,39.89,39.89
20,39.82,2018-02-15 14:50:00,39.85,39.82,39.85
21,39.82,2018-02-15 14:51:00,39.835,39.815,39.835
22,39.82,2018-02-15 14:52:00,39.82,39.82,39.82
23,39.82,2018-02-15 14:53:00,39.825,39.82,39.82
24,39.82,2018-02-15 14:54:00,39.82,39.82,39.82
25,39.9,2018-02-15 14:55:00,39.9,39.85,39.85
26,39.86,2018-02-15 14:56:00,39.9,39.86,39.9
27,39.86,2018-02-15 14:57:00,39.9,39.86,39.9
28,39.89,2018-02-15 14:58:00,39.89,39.89,39.89
29,39.9,2018-02-15 14:59:00,39.9,39.89,39.895
30,39.9,2018-02-15 15:00:00,39.93,39.89,39.93
31,39.9,2018-02-15 15:01:00,39.9,39.9,39.9
32,39.9,2018-02-15 15:02:00,39.935,39.9,39.935
33,39.86,2018-02-15 15:03:00,39.89,39.85,39.885
34,39.86,2018-02-15 15:04:00,39.86,39.85,39.85
35,39.86,2018-02-15 15:05:00,39.86,39.85,39.85
36,39.885,2018-02-15 15:06:00,39.885,39.85,39.85
37,39.85,2018-02-15 15:07:00,39.9,39.835,39.9
38,39.85,2018-02-15 15:08:00,39.89,39.85,39.89
39,39.78,2018-02-15 15:09:00,39.85,39.78,39.85
40,39.71,2018-02-15 15:10:00,39.75,39.71,39.745
41,39.72,2018-02-15 15:11:00,39.72,39.695,39.71
42,39.72,2018-02-15 15:12:00,39.75,39.72,39.75
43,39.755,2018-02-15 15:13:00,39.755,39.72,39.72
44,39.75,2018-02-15 15:14:00,39.78,39.75,39.78
45,39.765,2018-02-15 15:15:00,39.765,39.765,39.765
46,39.71,2018-02-15 15:16:00,39.75,39.71,39.75
47,39.68,2018-02-15 15:17:00,39.68,39.68,39.68
48,39.65,2018-02-15 15:18:00,39.65,39.635,39.65
49,39.68,2018-02-15 15:19:00,39.68,39.64,39.65
50,39.71,2018-02-15 15:20:00,39.71,39.68,39.68
51,39.71,2018-02-15 15:21:00,39.71,39.71,39.71
52,39.71,2018-02-15 15:22:00,39.72,39.71,39.72
53,39.72,2018-02-15 15:23:00,39.72,39.71,39.71
54,39.75,2018-02-15 15:24:00,39.75,39.75,39.75
55,39.72,2018-02-15 15:25:00,39.725,39.72,39.72
56,39.75,2018-02-15 15:26:00,39.755,39.75,39.755
57,39.79,2018-02-15 15:27:00,39.79,39.77,39.78
58,39.79,2018-02-15 15:28:00,39.79,39.79,39.79
59,39.78,2018-02-15 15:29:00,39.79,39.78,39.79
60,39.78,2018-02-15 15:30:00,39.79,39.78,39.78
61,39.75,2018-02-15 15:31:00,39.75,39.75,39.75
62,39.72,2018-02-15 15:32:00,39.75,39.72,39.735
63,39.75,2018-02-15 15:33:00,39.75,39.72,39.72
64,39.75,2018-02-15 15:34:00,39.785,39.75,39.775
65,39.75,2018-02-15 15:35:00,39.75,39.745,39.75
66,39.72,2018-02-15 15:36:00,39.75,39.72,39.75
67,39.68,2018-02-15 15:37:00,39.72,39.68,39.72
68,39.68,2018-02-15 15:38:00,39.695,39.68,39.695
69,39.695,2018-02-15 15:39:00,39.695,39.695,39.695
70,39.68,2018-02-15 15:40:00,39.68,39.68,39.68
71,39.68,2018-02-15 15:41:00,39.68,39.665,39.665
72,39.625,2018-02-15 15:42:00,39.625,39.625,39.625
73,39.565,2018-02-15 15:43:00,39.61,39.565,39.61
74,39.53,2018-02-15 15:44:00,39.57,39.53,39.57
75,39.53,2018-02-15 15:45:00,39.54,39.53,39.53
76,39.47,2018-02-15 15:46:00,39.54,39.47,39.54
77,39.53,2018-02-15 15:47:00,39.54,39.495,39.5
78,39.57,2018-02-15 15:48:00,39.57,39.54,39.54
79,39.595,2018-02-15 15:49:00,39.595,39.585,39.585
80,39.615,2018-02-15 15:50:00,39.615,39.6,39.6
81,39.6,2018-02-15 15:51:00,39.61,39.6,39.61
82,39.6,2018-02-15 15:52:00,39.61,39.6,39.61
83,39.57,2018-02-15 15:53:00,39.575,39.57,39.57
84,39.56,2018-02-15 15:54:00,39.56,39.56,39.56
85,39.53,2018-02-15 15:55:00,39.53,39.525,39.53
86,39.53,2018-02-15 15:56:00,39.54,39.53,39.53
87,39.5,2018-02-15 15:57:00,39.53,39.5,39.53
88,39.475,2018-02-15 15:58:00,39.5,39.475,39.5
89,39.43,2018-02-15 15:59:00,39.47,39.43,39.47
90,39.43,2018-02-15 16:00:00,39.43,39.43,39.43
91,39.46,2018-02-15 16:01:00,39.47,39.46,39.46
92,39.4,2018-02-15 16:02:00,39.47,39.39,39.47
93,39.36,2018-02-15 16:03:00,39.4,39.36,39.4
94,39.36,2018-02-15 16:04:00,39.36,39.32,39.36
95,39.39,2018-02-15 16:05:00,39.39,39.39,39.39
96,39.4,2018-02-15 16:06:00,39.4,39.39,39.4
97,39.43,2018-02-15 16:07:00,39.43,39.39,39.42
98,39.465,2018-02-15 16:08:00,39.47,39.46,39.46
99,39.495,2018-02-15 16:09:00,39.5,39.495,39.5
100,39.505,2018-02-15 16:10:00,39.505,39.485,39.485
101,39.5,2018-02-15 16:11:00,39.5,39.5,39.5
102,39.57,2018-02-15 16:12:00,39.57,39.535,39.54
103,39.57,2018-02-15 16:13:00,39.57,39.57,39.57
104,39.57,2018-02-15 16:14:00,39.57,39.57,39.57
105,39.61,2018-02-15 16:15:00,39.61,39.57,39.57
106,39.61,2018-02-15 16:16:00,39.61,39.6,39.61
107,39.6,2018-02-15 16:17:00,39.61,39.6,39.6
108,39.6,2018-02-15 16:18:00,39.6,39.57,39.57
109,39.57,2018-02-15 16:19:00,39.57,39.57,39.57
110,39.585,2018-02-15 16:20:00,39.585,39.57,39.57
111,39.61,2018-02-15 16:21:00,39.64,39.61,39.64
112,39.64,2018-02-15 16:22:00,39.64,39.625,39.625
113,39.625,2018-02-15 16:23:00,39.65,39.625,39.64
114,39.6,2018-02-15 16:24:00,39.61,39.6,39.61
115,39.605,2018-02-15 16:25:00,39.64,39.605,39.64
116,39.61,2018-02-15 16:26:00,39.61,39.6,39.61
117,39.61,2018-02-15 16:27:00,39.61,39.61,39.61
118,39.65,2018-02-15 16:28:00,39.65,39.625,39.625
119,39.64,2018-02-15 16:29:00,39.64,39.64,39.64
120,39.64,2018-02-15 16:30:00,39.65,39.64,39.65
121,39.64,2018-02-15 16:31:00,39.64,39.64,39.64
122,39.64,2018-02-15 16:32:00,39.64,39.64,39.64
123,39.61,2018-02-15 16:33:00,39.61,39.6,39.6
124,39.6,2018-02-15 16:34:00,39.61,39.6,39.61
125,39.6,2018-02-15 16:35:00,39.6,39.6,39.6
126,39.57,2018-02-15 16:36:00,39.57,39.57,39.57
127,39.54,2018-02-15 16:37:00,39.54,39.54,39.54
128,39.54,2018-02-15 16:38:00,39.54,39.53,39.53
129,39.53,2018-02-15 16:39:00,39.54,39.53,39.54
130,39.505,2018-02-15 16:40:00,39.505,39.505,39.505
131,39.54,2018-02-15 16:41:00,39.54,39.525,39.525
132,39.57,2018-02-15 16:42:00,39.57,39.54,39.54
133,39.53,2018-02-15 16:43:00,39.57,39.53,39.57
134,39.53,2018-02-15 16:44:00,39.54,39.525,39.54
135,39.53,2018-02-15 16:45:00,39.54,39.53,39.54
136,39.53,2018-02-15 16:46:00,39.53,39.53,39.53
137,39.53,2018-02-15 16:47:00,39.53,39.53,39.53
138,39.54,2018-02-15 16:48:00,39.54,39.54,39.54
139,39.54,2018-02-15 16:49:00,39.54,39.54,39.54
140,39.61,2018-02-15 16:50:00,39.61,39.61,39.61
141,39.64,2018-02-15 16:51:00,39.64,39.61,39.61
142,39.65,2018-02-15 16:52:00,39.65,39.64,39.64
143,39.64,2018-02-15 16:53:00,39.65,39.64,39.65
144,39.68,2018-02-15 16:54:00,39.68,39.68,39.68
145,39.64,2018-02-15 16:55:00,39.65,39.64,39.65
146,39.64,2018-02-15 16:56:00,39.64,39.61,39.61
147,39.64,2018-02-15 16:57:00,39.64,39.64,39.64
148,39.64,2018-02-15 16:58:00,39.65,39.64,39.65
149,39.625,2018-02-15 16:59:00,39.65,39.625,39.65
150,39.65,2018-02-15 17:00:00,39.655,39.64,39.64
151,39.64,2018-02-15 17:01:00,39.64,39.64,39.64
152,39.65,2018-02-15 17:02:00,39.65,39.64,39.65
153,39.615,2018-02-15 17:03:00,39.64,39.61,39.64
154,39.61,2018-02-15 17:04:00,39.64,39.61,39.64
155,39.615,2018-02-15 17:05:00,39.615,39.605,39.605
156,39.61,2018-02-15 17:06:00,39.61,39.61,39.61
157,39.6,2018-02-15 17:07:00,39.615,39.6,39.61
158,39.61,2018-02-15 17:08:00,39.61,39.6,39.6
159,39.595,2018-02-15 17:09:00,39.61,39.595,39.61
160,39.575,2018-02-15 17:10:00,39.585,39.575,39.585
161,39.565,2018-02-15 17:11:00,39.565,39.565,39.565
162,39.565,2018-02-15 17:12:00,39.57,39.565,39.565
163,39.54,2018-02-15 17:13:00,39.565,39.54,39.565
164,39.54,2018-02-15 17:14:00,39.54,39.54,39.54
165,39.61,2018-02-15 17:15:00,39.61,39.57,39.57
166,39.61,2018-02-15 17:16:00,39.61,39.61,39.61
167,39.6,2018-02-15 17:17:00,39.6,39.57,39.6
168,39.6,2018-02-15 17:18:00,39.605,39.59,39.6
169,39.6,2018-02-15 17:19:00,39.6,39.6,39.6
170,39.6,2018-02-15 17:20:00,39.61,39.6,39.6
171,39.57,2018-02-15 17:21:00,39.585,39.57,39.585
172,39.54,2018-02-15 17:22:00,39.575,39.54,39.57
173,39.54,2018-02-15 17:23:00,39.57,39.54,39.57
174,39.54,2018-02-15 17:24:00,39.54,39.54,39.54
175,39.57,2018-02-15 17:25:00,39.57,39.57,39.57
176,39.57,2018-02-15 17:26:00,39.57,39.57,39.57
177,39.53,2018-02-15 17:27:00,39.555,39.53,39.555
178,39.53,2018-02-15 17:28:00,39.54,39.53,39.53
179,39.53,2018-02-15 17:29:00,39.54,39.53,39.54
180,39.54,2018-02-15 17:30:00,39.54,39.525,39.525
181,39.53,2018-02-15 17:31:00,39.53,39.53,39.53
182,39.54,2018-02-15 17:32:00,39.54,39.53,39.53
183,39.525,2018-02-15 17:33:00,39.525,39.515,39.525
184,39.53,2018-02-15 17:34:00,39.53,39.53,39.53
185,39.53,2018-02-15 17:35:00,39.53,39.53,39.53
186,39.53,2018-02-15 17:36:00,39.54,39.53,39.54
187,39.54,2018-02-15 17:37:00,39.54,39.53,39.53
188,39.54,2018-02-15 17:38:00,39.57,39.54,39.57
189,39.54,2018-02-15 17:39:00,39.54,39.54,39.54
190,39.57,2018-02-15 17:40:00,39.57,39.57,39.57
191,39.6,2018-02-15 17:41:00,39.6,39.57,39.57
192,39.6,2018-02-15 17:42:00,39.61,39.6,39.6
193,39.57,2018-02-15 17:43:00,39.615,39.57,39.615
194,39.57,2018-02-15 17:44:00,39.57,39.57,39.57
195,39.6,2018-02-15 17:45:00,39.6,39.59,39.59
196,39.6,2018-02-15 17:46:00,39.6,39.6,39.6
197,39.575,2018-02-15 17:47:00,39.575,39.57,39.57
198,39.575,2018-02-15 17:48:00,39.575,39.575,39.575
199,39.54,2018-02-15 17:49:00,39.54,39.54,39.54
200,39.57,2018-02-15 17:50:00,39.57,39.57,39.57
201,39.565,2018-02-15 17:51:00,39.57,39.565,39.57
202,39.57,2018-02-15 17:52:00,39.57,39.555,39.555
203,39.57,2018-02-15 17:53:00,39.575,39.57,39.575
204,39.575,2018-02-15 17:54:00,39.575,39.565,39.565
205,39.555,2018-02-15 17:55:00,39.555,39.555,39.555
206,39.61,2018-02-15 17:56:00,39.61,39.57,39.57
207,39.625,2018-02-15 17:57:00,39.625,39.61,39.61
208,39.635,2018-02-15 17:58:00,39.64,39.635,39.64
209,39.65,2018-02-15 17:59:00,39.65,39.64,39.64
210,39.685,2018-02-15 18:00:00,39.685,39.675,39.675
211,39.68,2018-02-15 18:01:00,39.71,39.68,39.71
212,39.655,2018-02-15 18:02:00,39.675,39.655,39.675
213,39.695,2018-02-15 18:03:00,39.695,39.68,39.68
214,39.71,2018-02-15 18:04:00,39.71,39.68,39.68
215,39.705,2018-02-15 18:05:00,39.72,39.705,39.72
216,39.715,2018-02-15 18:06:00,39.72,39.71,39.71
217,39.72,2018-02-15 18:07:00,39.72,39.7,39.7
218,39.725,2018-02-15 18:08:00,39.725,39.705,39.71
219,39.695,2018-02-15 18:09:00,39.72,39.695,39.72
220,39.71,2018-02-15 18:10:00,39.71,39.71,39.71
221,39.73,2018-02-15 18:11:00,39.73,39.71,39.72
222,39.72,2018-02-15 18:12:00,39.72,39.72,39.72
223,39.75,2018-02-15 18:13:00,39.75,39.75,39.75
224,39.75,2018-02-15 18:14:00,39.75,39.735,39.735
225,39.75,2018-02-15 18:15:00,39.75,39.75,39.75
226,39.72,2018-02-15 18:16:00,39.72,39.72,39.72
227,39.715,2018-02-15 18:17:00,39.72,39.715,39.72
228,39.715,2018-02-15 18:18:00,39.725,39.71,39.725
229,39.725,2018-02-15 18:19:00,39.725,39.72,39.725
230,39.72,2018-02-15 18:20:00,39.72,39.72,39.72
231,39.715,2018-02-15 18:21:00,39.715,39.71,39.71
232,39.71,2018-02-15 18:22:00,39.71,39.71,39.71
233,39.68,2018-02-15 18:23:00,39.68,39.68,39.68
234,39.71,2018-02-15 18:24:00,39.72,39.71,39.71
235,39.72,2018-02-15 18:25:00,39.72,39.705,39.71
236,39.735,2018-02-15 18:26:00,39.735,39.72,39.725
237,39.71,2018-02-15 18:27:00,39.725,39.71,39.725
238,39.68,2018-02-15 18:28:00,39.71,39.68,39.71
239,39.68,2018-02-15 18:29:00,39.685,39.68,39.685
240,39.65,2018-02-15 18:30:00,39.685,39.65,39.68
241,39.65,2018-02-15 18:31:00,39.65,39.65,39.65
242,39.64,2018-02-15 18:32:00,39.65,39.64,39.65
243,39.64,2018-02-15 18:33:00,39.645,39.64,39.64
244,39.65,2018-02-15 18:34:00,39.65,39.64,39.64
245,39.645,2018-02-15 18:35:00,39.645,39.64,39.64
246,39.645,2018-02-15 18:36:00,39.645,39.645,39.645
247,39.64,2018-02-15 18:37:00,39.65,39.64,39.65
248,39.64,2018-02-15 18:38:00,39.64,39.64,39.64
249,39.61,2018-02-15 18:39:00,39.61,39.61,39.61
250,39.65,2018-02-15 18:40:00,39.65,39.64,39.64
251,39.64,2018-02-15 18:41:00,39.64,39.64,39.64
252,39.665,2018-02-15 18:42:00,39.665,39.65,39.65
253,39.68,2018-02-15 18:43:00,39.68,39.68,39.68
254,39.685,2018-02-15 18:44:00,39.685,39.68,39.68
255,39.68,2018-02-15 18:45:00,39.71,39.68,39.71
256,39.65,2018-02-15 18:46:00,39.685,39.65,39.68
257,39.64,2018-02-15 18:47:00,39.655,39.64,39.65
258,39.65,2018-02-15 18:48:00,39.65,39.64,39.65
259,39.68,2018-02-15 18:49:00,39.68,39.68,39.68
260,39.71,2018-02-15 18:50:00,39.71,39.71,39.71
261,39.695,2018-02-15 18:51:00,39.695,39.695,39.695
262,39.68,2018-02-15 18:52:00,39.68,39.68,39.68
263,39.68,2018-02-15 18:53:00,39.68,39.68,39.68
264,39.68,2018-02-15 18:54:00,39.685,39.675,39.685
265,39.675,2018-02-15 18:55:00,39.68,39.675,39.68
266,39.65,2018-02-15 18:56:00,39.65,39.65,39.65
267,39.65,2018-02-15 18:57:00,39.65,39.65,39.65
268,39.64,2018-02-15 18:58:00,39.65,39.64,39.65
269,39.645,2018-02-15 18:59:00,39.645,39.645,39.645
270,39.665,2018-02-15 19:00:00,39.665,39.65,39.65
271,39.675,2018-02-15 19:01:00,39.68,39.675,39.675
272,39.65,2018-02-15 19:02:00,39.65,39.65,39.65
273,39.65,2018-02-15 19:03:00,39.65,39.65,39.65
274,39.65,2018-02-15 19:04:00,39.65,39.65,39.65
275,39.71,2018-02-15 19:05:00,39.71,39.695,39.695
276,39.725,2018-02-15 19:06:00,39.725,39.72,39.72
277,39.745,2018-02-15 19:07:00,39.745,39.745,39.745
278,39.745,2018-02-15 19:08:00,39.745,39.745,39.745
279,39.745,2018-02-15 19:09:00,39.745,39.745,39.745
280,39.71,2018-02-15 19:10:00,39.71,39.71,39.71
281,39.71,2018-02-15 19:11:00,39.72,39.71,39.71
282,39.705,2018-02-15 19:12:00,39.71,39.705,39.71
283,39.72,2018-02-15 19:13:00,39.72,39.705,39.71
284,39.735,2018-02-15 19:14:00,39.735,39.735,39.735
285,39.735,2018-02-15 19:15:00,39.735,39.735,39.735
286,39.735,2018-02-15 19:16:00,39.75,39.735,39.75
287,39.715,2018-02-15 19:17:00,39.725,39.715,39.72
288,39.725,2018-02-15 19:18:00,39.725,39.71,39.725
289,39.72,2018-02-15 19:19:00,39.735,39.72,39.735
290,39.745,2018-02-15 19:20:00,39.75,39.745,39.745
291,39.745,2018-02-15 19:21:00,39.75,39.745,39.75
292,39.735,2018-02-15 19:22:00,39.735,39.72,39.72
293,39.735,2018-02-15 19:23:00,39.735,39.735,39.735
294,39.755,2018-02-15 19:24:00,39.755,39.745,39.745
295,39.75,2018-02-15 19:25:00,39.755,39.75,39.755
296,39.78,2018-02-15 19:26:00,39.785,39.78,39.78
297,39.79,2018-02-15 19:27:00,39.79,39.79,39.79
298,39.795,2018-02-15 19:28:00,39.8,39.79,39.79
299,39.795,2018-02-15 19:29:00,39.795,39.795,39.795
300,39.805,2018-02-15 19:30:00,39.805,39.805,39.805
301,39.805,2018-02-15 19:31:00,39.805,39.805,39.805
302,39.775,2018-02-15 19:32:00,39.795,39.775,39.795
303,39.785,2018-02-15 19:33:00,39.785,39.765,39.765
304,39.785,2018-02-15 19:34:00,39.79,39.785,39.79
305,39.805,2018-02-15 19:35:00,39.805,39.805,39.805
306,39.805,2018-02-15 19:36:00,39.805,39.805,39.805
307,39.805,2018-02-15 19:37:00,39.805,39.805,39.805
308,39.795,2018-02-15 19:38:00,39.795,39.79,39.795
309,39.79,2018-02-15 19:39:00,39.805,39.79,39.805
310,39.805,2018-02-15 19:40:00,39.805,39.805,39.805
311,39.805,2018-02-15 19:41:00,39.815,39.805,39.815
312,39.815,2018-02-15 19:42:00,39.815,39.805,39.805
313,39.815,2018-02-15 19:43:00,39.815,39.815,39.815
314,39.805,2018-02-15 19:44:00,39.805,39.805,39.805
315,39.82,2018-02-15 19:45:00,39.82,39.815,39.815
316,39.82,2018-02-15 19:46:00,39.82,39.82,39.82
317,39.815,2018-02-15 19:47:00,39.82,39.815,39.82
318,39.805,2018-02-15 19:48:00,39.815,39.805,39.815
319,39.79,2018-02-15 19:49:00,39.79,39.79,39.79
320,39.79,2018-02-15 19:50:00,39.79,39.79,39.79
321,39.795,2018-02-15 19:51:00,39.795,39.78,39.79
322,39.79,2018-02-15 19:52:00,39.79,39.79,39.79
323,39.785,2018-02-15 19:53:00,39.795,39.785,39.79
324,39.79,2018-02-15 19:54:00,39.79,39.775,39.775
325,39.79,2018-02-15 19:55:00,39.79,39.79,39.79
326,39.805,2018-02-15 19:56:00,39.805,39.805,39.805
327,39.805,2018-02-15 19:57:00,39.805,39.805,39.805
328,39.805,2018-02-15 19:58:00,39.805,39.805,39.805
329,39.82,2018-02-15 19:59:00,39.825,39.82,39.825
330,39.825,2018-02-15 20:00:00,39.825,39.82,39.825
331,39.845,2018-02-15 20:01:00,39.845,39.845,39.845
332,39.85,2018-02-15 20:02:00,39.85,39.85,39.85
333,39.865,2018-02-15 20:03:00,39.865,39.865,39.865
334,39.865,2018-02-15 20:04:00,39.865,39.865,39.865
335,39.865,2018-02-15 20:05:00,39.865,39.86,39.86
336,39.86,2018-02-15 20:06:00,39.86,39.85,39.85
337,39.845,2018-02-15 20:07:00,39.845,39.845,39.845
338,39.85,2018-02-15 20:08:00,39.86,39.85,39.86
339,39.845,2018-02-15 20:09:00,39.845,39.835,39.835
340,39.84,2018-02-15 20:10:00,39.84,39.825,39.825
341,39.845,2018-02-15 20:11:00,39.85,39.845,39.845
342,39.835,2018-02-15 20:12:00,39.835,39.835,39.835
343,39.86,2018-02-15 20:13:00,39.86,39.855,39.86
344,39.86,2018-02-15 20:14:00,39.86,39.86,39.86
345,39.865,2018-02-15 20:15:00,39.865,39.86,39.865
346,39.885,2018-02-15 20:16:00,39.885,39.885,39.885
347,39.89,2018-02-15 20:17:00,39.89,39.89,39.89
348,39.89,2018-02-15 20:18:00,39.9,39.89,39.9
349,39.89,2018-02-15 20:19:00,39.89,39.89,39.89
350,39.89,2018-02-15 20:20:00,39.89,39.88,39.88
351,39.89,2018-02-15 20:21:00,39.89,39.875,39.875
352,39.89,2018-02-15 20:22:00,39.89,39.89,39.89
353,39.9,2018-02-15 20:23:00,39.9,39.885,39.885
354,39.89,2018-02-15 20:24:00,39.9,39.89,39.9
355,39.885,2018-02-15 20:25:00,39.885,39.885,39.885
356,39.875,2018-02-15 20:26:00,39.875,39.875,39.875
357,39.875,2018-02-15 20:27:00,39.875,39.875,39.875
358,39.855,2018-02-15 20:28:00,39.86,39.855,39.86
359,39.875,2018-02-15 20:29:00,39.875,39.875,39.875
360,39.86,2018-02-15 20:30:00,39.86,39.855,39.86
361,39.86,2018-02-15 20:31:00,39.865,39.86,39.865
362,39.845,2018-02-15 20:32:00,39.865,39.845,39.86
363,39.84,2018-02-15 20:33:00,39.845,39.84,39.845
364,39.835,2018-02-15 20:34:00,39.835,39.835,39.835
365,39.825,2018-02-15 20:35:00,39.825,39.82,39.825
366,39.825,2018-02-15 20:36:00,39.825,39.825,39.825
367,39.835,2018-02-15 20:37:00,39.835,39.835,39.835
368,39.845,2018-02-15 20:38:00,39.845,39.835,39.835
369,39.845,2018-02-15 20:39:00,39.85,39.845,39.845
370,39.845,2018-02-15 20:40:00,39.85,39.845,39.845
371,39.85,2018-02-15 20:41:00,39.86,39.835,39.835
372,39.835,2018-02-15 20:42:00,39.85,39.835,39.845
373,39.845,2018-02-15 20:43:00,39.85,39.845,39.845
374,39.825,2018-02-15 20:44:00,39.825,39.825,39.825
375,39.845,2018-02-15 20:45:00,39.85,39.82,39.82
376,39.825,2018-02-15 20:46:00,39.825,39.82,39.825
377,39.835,2018-02-15 20:47:00,39.835,39.835,39.835
378,39.825,2018-02-15 20:48:00,39.825,39.825,39.825
379,39.825,2018-02-15 20:49:00,39.825,39.825,39.825
380,39.825,2018-02-15 20:50:00,39.825,39.82,39.825
381,39.835,2018-02-15 20:51:00,39.835,39.835,39.835
382,39.835,2018-02-15 20:52:00,39.835,39.835,39.835
383,39.82,2018-02-15 20:53:00,39.82,39.82,39.82
384,39.805,2018-02-15 20:54:00,39.825,39.805,39.825
385,39.805,2018-02-15 20:55:00,39.805,39.805,39.805
386,39.815,2018-02-15 20:56:00,39.815,39.795,39.795
387,39.82,2018-02-15 20:57:00,39.82,39.815,39.815
388,39.845,2018-02-15 20:58:00,39.845,39.845,39.845
389,39.845,2018-02-15 20:59:00,39.845,39.835,39.835
390,39.845,2018-02-15 21:00:00,39.845,39.845,39.845
391,39.64,2018-02-16 14:30:00,39.64,39.61,39.61
392,39.65,2018-02-16 14:31:00,39.65,39.64,39.64
393,39.6,2018-02-16 14:32:00,39.6,39.6,39.6
394,39.595,2018-02-16 14:33:00,39.6,39.595,39.6
395,39.6,2018-02-16 14:34:00,39.6,39.6,39.6
396,39.6,2018-02-16 14:35:00,39.65,39.6,39.635
397,39.57,2018-02-16 14:36:00,39.6,39.57,39.575
398,39.6,2018-02-16 14:37:00,39.6,39.565,39.565
399,39.65,2018-02-16 14:38:00,39.65,39.64,39.64
400,39.695,2018-02-16 14:39:00,39.695,39.68,39.68
401,39.65,2018-02-16 14:40:00,39.68,39.65,39.68
402,39.65,2018-02-16 14:41:00,39.65,39.64,39.64
403,39.655,2018-02-16 14:42:00,39.68,39.65,39.65
404,39.64,2018-02-16 14:43:00,39.65,39.64,39.64
405,39.625,2018-02-16 14:44:00,39.625,39.625,39.625
406,39.61,2018-02-16 14:45:00,39.61,39.57,39.57
407,39.65,2018-02-16 14:46:00,39.65,39.61,39.64
408,39.65,2018-02-16 14:47:00,39.65,39.645,39.65
409,39.68,2018-02-16 14:48:00,39.68,39.68,39.68
410,39.71,2018-02-16 14:49:00,39.71,39.71,39.71
411,39.665,2018-02-16 14:50:00,39.68,39.655,39.68
412,39.68,2018-02-16 14:51:00,39.68,39.675,39.68
413,39.665,2018-02-16 14:52:00,39.68,39.665,39.68
414,39.65,2018-02-16 14:53:00,39.68,39.65,39.68
415,39.68,2018-02-16 14:54:00,39.68,39.68,39.68
416,39.71,2018-02-16 14:55:00,39.71,39.68,39.68
417,39.68,2018-02-16 14:56:00,39.68,39.68,39.68
418,39.68,2018-02-16 14:57:00,39.68,39.68,39.68
419,39.65,2018-02-16 14:58:00,39.68,39.64,39.68
420,39.65,2018-02-16 14:59:00,39.65,39.65,39.65
421,39.68,2018-02-16 15:00:00,39.68,39.68,39.68
422,39.65,2018-02-16 15:01:00,39.65,39.64,39.64
423,39.65,2018-02-16 15:02:00,39.65,39.64,39.64
424,39.68,2018-02-16 15:03:00,39.68,39.68,39.68
425,39.65,2018-02-16 15:04:00,39.65,39.65,39.65
426,39.61,2018-02-16 15:05:00,39.65,39.61,39.64
427,39.61,2018-02-16 15:06:00,39.615,39.61,39.61
428,39.615,2018-02-16 15:07:00,39.615,39.605,39.61
429,39.65,2018-02-16 15:08:00,39.65,39.61,39.61
430,39.68,2018-02-16 15:09:00,39.685,39.68,39.68
431,39.68,2018-02-16 15:10:00,39.68,39.68,39.68
432,39.68,2018-02-16 15:11:00,39.68,39.68,39.68
433,39.65,2018-02-16 15:12:00,39.68,39.64,39.68
434,39.68,2018-02-16 15:13:00,39.68,39.68,39.68
435,39.68,2018-02-16 15:14:00,39.68,39.68,39.68
436,39.71,2018-02-16 15:15:00,39.71,39.71,39.71
437,39.72,2018-02-16 15:16:00,39.72,39.705,39.705
438,39.72,2018-02-16 15:17:00,39.73,39.72,39.72
439,39.71,2018-02-16 15:18:00,39.71,39.71,39.71
440,39.71,2018-02-16 15:19:00,39.72,39.71,39.72
441,39.72,2018-02-16 15:20:00,39.72,39.71,39.71
442,39.75,2018-02-16 15:21:00,39.75,39.74,39.75
443,39.75,2018-02-16 15:22:00,39.75,39.72,39.72
444,39.74,2018-02-16 15:23:00,39.75,39.74,39.75
445,39.72,2018-02-16 15:24:00,39.72,39.72,39.72
446,39.755,2018-02-16 15:25:00,39.765,39.72,39.72
447,39.72,2018-02-16 15:26:00,39.72,39.72,39.72
448,39.75,2018-02-16 15:27:00,39.75,39.72,39.72
449,39.75,2018-02-16 15:28:00,39.75,39.745,39.75
450,39.75,2018-02-16 15:29:00,39.75,39.75,39.75
451,39.79,2018-02-16 15:30:00,39.79,39.78,39.78
452,39.82,2018-02-16 15:31:00,39.82,39.815,39.82
453,39.82,2018-02-16 15:32:00,39.82,39.82,39.82
454,39.845,2018-02-16 15:33:00,39.86,39.835,39.835
455,39.82,2018-02-16 15:34:00,39.86,39.82,39.86
456,39.85,2018-02-16 15:35:00,39.85,39.82,39.82
457,39.805,2018-02-16 15:36:00,39.82,39.805,39.82
458,39.82,2018-02-16 15:37:00,39.82,39.82,39.82
459,39.82,2018-02-16 15:38:00,39.82,39.82,39.82
460,39.825,2018-02-16 15:39:00,39.835,39.825,39.825
461,39.825,2018-02-16 15:40:00,39.825,39.82,39.82
462,39.845,2018-02-16 15:41:00,39.845,39.82,39.825
463,39.82,2018-02-16 15:42:00,39.865,39.815,39.85
464,39.82,2018-02-16 15:43:00,39.82,39.82,39.82
465,39.79,2018-02-16 15:44:00,39.795,39.79,39.79
466,39.79,2018-02-16 15:45:00,39.805,39.79,39.79
467,39.795,2018-02-16 15:46:00,39.795,39.79,39.79
468,39.82,2018-02-16 15:47:00,39.825,39.815,39.815
469,39.79,2018-02-16 15:48:00,39.82,39.79,39.82
470,39.82,2018-02-16 15:49:00,39.82,39.79,39.79
471,39.795,2018-02-16 15:50:00,39.795,39.79,39.79
472,39.805,2018-02-16 15:51:00,39.805,39.805,39.805
473,39.805,2018-02-16 15:52:00,39.805,39.805,39.805
474,39.815,2018-02-16 15:53:00,39.82,39.805,39.805
475,39.815,2018-02-16 15:54:00,39.815,39.815,39.815
476,39.79,2018-02-16 15:55:00,39.815,39.78,39.815
477,39.805,2018-02-16 15:56:00,39.82,39.805,39.82
478,39.78,2018-02-16 15:57:00,39.82,39.78,39.81
479,39.795,2018-02-16 15:58:00,39.795,39.775,39.775
480,39.79,2018-02-16 15:59:00,39.79,39.78,39.79
481,39.79,2018-02-16 16:00:00,39.79,39.78,39.79
482,39.85,2018-02-16 16:01:00,39.85,39.82,39.82
483,39.82,2018-02-16 16:02:00,39.85,39.82,39.85
484,39.82,2018-02-16 16:03:00,39.82,39.815,39.82
485,39.835,2018-02-16 16:04:00,39.85,39.82,39.82
486,39.845,2018-02-16 16:05:00,39.85,39.845,39.85
487,39.845,2018-02-16 16:06:00,39.86,39.845,39.85
488,39.835,2018-02-16 16:07:00,39.845,39.835,39.845
489,39.86,2018-02-16 16:08:00,39.865,39.845,39.845
490,39.9,2018-02-16 16:09:00,39.9,39.89,39.89
491,39.935,2018-02-16 16:10:00,39.935,39.9,39.9
492,39.93,2018-02-16 16:11:00,39.935,39.93,39.935
493,39.96,2018-02-16 16:12:00,39.97,39.96,39.96
494,39.93,2018-02-16 16:13:00,39.96,39.93,39.96
495,39.96,2018-02-16 16:14:00,39.97,39.96,39.97
496,39.955,2018-02-16 16:15:00,39.96,39.955,39.96
497,39.97,2018-02-16 16:16:00,39.97,39.955,39.955
498,40.0,2018-02-16 16:17:00,40.0,40.0,40.0
499,40.0,2018-02-16 16:18:00,40.0,40.0,40.0
500,40.0,2018-02-16 16:19:00,40.0,40.0,40.0
501,39.975,2018-02-16 16:20:00,39.975,39.97,39.97
502,39.975,2018-02-16 16:21:00,39.975,39.975,39.975
503,39.97,2018-02-16 16:22:00,39.975,39.97,39.975
504,40.0,2018-02-16 16:23:00,40.005,39.995,39.995
505,39.975,2018-02-16 16:24:00,40.005,39.96,40.0
506,39.96,2018-02-16 16:25:00,39.985,39.96,39.985
507,39.96,2018-02-16 16:26:00,39.96,39.945,39.96
508,39.93,2018-02-16 16:27:00,39.96,39.93,39.96
509,39.93,2018-02-16 16:28:00,39.93,39.925,39.93
510,39.935,2018-02-16 16:29:00,39.935,39.935,39.935
511,39.9,2018-02-16 16:30:00,39.9,39.9,39.9
512,39.89,2018-02-16 16:31:00,39.9,39.89,39.9
513,39.875,2018-02-16 16:32:00,39.89,39.865,39.89
514,39.89,2018-02-16 16:33:00,39.895,39.875,39.875
515,39.915,2018-02-16 16:34:00,39.915,39.9,39.9
516,39.89,2018-02-16 16:35:00,39.89,39.885,39.89
517,39.865,2018-02-16 16:36:00,39.89,39.86,39.89
518,39.875,2018-02-16 16:37:00,39.875,39.875,39.875
519,39.875,2018-02-16 16:38:00,39.875,39.875,39.875
520,39.89,2018-02-16 16:39:00,39.89,39.875,39.875
521,39.89,2018-02-16 16:40:00,39.89,39.89,39.89
522,39.89,2018-02-16 16:41:00,39.89,39.89,39.89
523,39.89,2018-02-16 16:42:00,39.9,39.89,39.9
524,39.9,2018-02-16 16:43:00,39.9,39.89,39.89
525,39.885,2018-02-16 16:44:00,39.9,39.885,39.9
526,39.89,2018-02-16 16:45:00,39.89,39.89,39.89
527,39.89,2018-02-16 16:46:00,39.89,39.89,39.89
528,39.89,2018-02-16 16:47:00,39.89,39.89,39.89
529,39.93,2018-02-16 16:48:00,39.93,39.915,39.915
530,39.93,2018-02-16 16:49:00,39.93,39.915,39.915
531,39.935,2018-02-16 16:50:00,39.945,39.935,39.945
532,39.9,2018-02-16 16:51:00,39.935,39.9,39.935
533,39.93,2018-02-16 16:52:00,39.93,39.895,39.9
534,39.93,2018-02-16 16:53:00,39.935,39.93,39.93
535,39.915,2018-02-16 16:54:00,39.915,39.915,39.915
536,39.93,2018-02-16 16:55:00,39.93,39.93,39.93
537,39.93,2018-02-16 16:56:00,39.935,39.93,39.935
538,39.93,2018-02-16 16:57:00,39.93,39.93,39.93
539,39.915,2018-02-16 16:58:00,39.915,39.915,39.915
540,39.9,2018-02-16 16:59:00,39.9,39.9,39.9
541,39.9,2018-02-16 17:00:00,39.9,39.9,39.9
542,39.905,2018-02-16 17:01:00,39.905,39.905,39.905
543,39.895,2018-02-16 17:02:00,39.895,39.89,39.89
544,39.865,2018-02-16 17:03:00,39.9,39.865,39.9
545,39.89,2018-02-16 17:04:00,39.89,39.885,39.885
546,39.9,2018-02-16 17:05:00,39.9,39.9,39.9
547,39.895,2018-02-16 17:06:00,39.9,39.89,39.89
548,39.89,2018-02-16 17:07:00,39.9,39.885,39.89
549,39.86,2018-02-16 17:08:00,39.86,39.86,39.86
550,39.85,2018-02-16 17:09:00,39.865,39.85,39.86
551,39.86,2018-02-16 17:10:00,39.86,39.855,39.86
552,39.86,2018-02-16 17:11:00,39.86,39.86,39.86
553,39.855,2018-02-16 17:12:00,39.86,39.85,39.86
554,39.85,2018-02-16 17:13:00,39.85,39.845,39.85
555,39.85,2018-02-16 17:14:00,39.85,39.85,39.85
556,39.825,2018-02-16 17:15:00,39.85,39.825,39.85
557,39.855,2018-02-16 17:16:00,39.86,39.835,39.835
558,39.85,2018-02-16 17:17:00,39.85,39.85,39.85
559,39.825,2018-02-16 17:18:00,39.825,39.825,39.825
560,39.835,2018-02-16 17:19:00,39.835,39.82,39.82
561,39.85,2018-02-16 17:20:00,39.85,39.85,39.85
562,39.85,2018-02-16 17:21:00,39.85,39.85,39.85
563,39.82,2018-02-16 17:22:00,39.82,39.82,39.82
564,39.82,2018-02-16 17:23:00,39.82,39.82,39.82
565,39.82,2018-02-16 17:24:00,39.82,39.82,39.82
566,39.82,2018-02-16 17:25:00,39.82,39.82,39.82
567,39.82,2018-02-16 17:26:00,39.82,39.82,39.82
568,39.82,2018-02-16 17:27:00,39.82,39.82,39.82
569,39.82,2018-02-16 17:28:00,39.82,39.82,39.82
570,39.82,2018-02-16 17:29:00,39.82,39.82,39.82
571,39.82,2018-02-16 17:30:00,39.82,39.82,39.82
572,39.82,2018-02-16 17:31:00,39.82,39.82,39.82
573,39.845,2018-02-16 17:32:00,39.845,39.845,39.845
574,39.865,2018-02-16 17:33:00,39.865,39.85,39.86
575,39.865,2018-02-16 17:34:00,39.865,39.865,39.865
576,39.86,2018-02-16 17:35:00,39.86,39.86,39.86
577,39.875,2018-02-16 17:36:00,39.875,39.86,39.86
578,39.86,2018-02-16 17:37:00,39.86,39.86,39.86
579,39.865,2018-02-16 17:38:00,39.865,39.865,39.865
580,39.865,2018-02-16 17:39:00,39.865,39.86,39.86
581,39.865,2018-02-16 17:40:00,39.865,39.865,39.865
582,39.865,2018-02-16 17:41:00,39.865,39.865,39.865
583,39.875,2018-02-16 17:42:00,39.875,39.875,39.875
584,39.85,2018-02-16 17:43:00,39.85,39.85,39.85
585,39.85,2018-02-16 17:44:00,39.85,39.85,39.85
586,39.85,2018-02-16 17:45:00,39.85,39.85,39.85
587,39.835,2018-02-16 17:46:00,39.84,39.835,39.835
588,39.835,2018-02-16 17:47:00,39.85,39.835,39.835
589,39.85,2018-02-16 17:48:00,39.85,39.845,39.85
590,39.83,2018-02-16 17:49:00,39.835,39.83,39.835
591,39.82,2018-02-16 17:50:00,39.825,39.82,39.825
592,39.82,2018-02-16 17:51:00,39.82,39.82,39.82
593,39.775,2018-02-16 17:52:00,39.795,39.775,39.795
594,39.79,2018-02-16 17:53:00,39.79,39.78,39.78
595,39.78,2018-02-16 17:54:00,39.79,39.78,39.79
596,39.78,2018-02-16 17:55:00,39.78,39.78,39.78
597,39.765,2018-02-16 17:56:00,39.765,39.75,39.765
598,39.79,2018-02-16 17:57:00,39.79,39.75,39.75
599,39.79,2018-02-16 17:58:00,39.79,39.78,39.79
600,39.78,2018-02-16 17:59:00,39.79,39.78,39.79
601,39.795,2018-02-16 18:00:00,39.795,39.78,39.79
602,39.79,2018-02-16 18:01:00,39.795,39.79,39.79
603,39.75,2018-02-16 18:02:00,39.76,39.75,39.76
604,39.75,2018-02-16 18:03:00,39.755,39.75,39.755
605,39.75,2018-02-16 18:04:00,39.755,39.75,39.75
606,39.75,2018-02-16 18:05:00,39.75,39.75,39.75
607,39.75,2018-02-16 18:06:00,39.75,39.75,39.75
608,39.75,2018-02-16 18:07:00,39.755,39.75,39.755
609,39.75,2018-02-16 18:08:00,39.755,39.75,39.755
610,39.75,2018-02-16 18:09:00,39.76,39.75,39.75
611,39.755,2018-02-16 18:10:00,39.755,39.755,39.755
612,39.72,2018-02-16 18:11:00,39.725,39.72,39.725
613,39.75,2018-02-16 18:12:00,39.75,39.75,39.75
614,39.725,2018-02-16 18:13:00,39.735,39.725,39.735
615,39.735,2018-02-16 18:14:00,39.735,39.72,39.72
616,39.725,2018-02-16 18:15:00,39.735,39.725,39.735
617,39.71,2018-02-16 18:16:00,39.72,39.71,39.72
618,39.675,2018-02-16 18:17:00,39.71,39.675,39.71
619,39.65,2018-02-16 18:18:00,39.65,39.65,39.65
620,39.65,2018-02-16 18:19:00,39.65,39.65,39.65
621,39.665,2018-02-16 18:20:00,39.68,39.665,39.68
622,39.68,2018-02-16 18:21:00,39.68,39.68,39.68
623,39.68,2018-02-16 18:22:00,39.68,39.68,39.68
624,39.71,2018-02-16 18:23:00,39.71,39.695,39.695
625,39.71,2018-02-16 18:24:00,39.72,39.71,39.72
626,39.72,2018-02-16 18:25:00,39.72,39.705,39.705
627,39.71,2018-02-16 18:26:00,39.72,39.71,39.72
628,39.725,2018-02-16 18:27:00,39.75,39.72,39.72
629,39.695,2018-02-16 18:28:00,39.72,39.695,39.72
630,39.71,2018-02-16 18:29:00,39.71,39.695,39.695
631,39.68,2018-02-16 18:30:00,39.71,39.68,39.71
632,39.68,2018-02-16 18:31:00,39.68,39.675,39.68
633,39.71,2018-02-16 18:32:00,39.71,39.68,39.68
634,39.71,2018-02-16 18:33:00,39.715,39.685,39.685
635,39.71,2018-02-16 18:34:00,39.72,39.705,39.705
636,39.755,2018-02-16 18:35:00,39.755,39.745,39.75
637,39.765,2018-02-16 18:36:00,39.765,39.75,39.765
638,39.765,2018-02-16 18:37:00,39.78,39.765,39.775
639,39.745,2018-02-16 18:38:00,39.78,39.745,39.78
640,39.755,2018-02-16 18:39:00,39.755,39.735,39.75
641,39.75,2018-02-16 18:40:00,39.75,39.745,39.75
642,39.75,2018-02-16 18:41:00,39.75,39.75,39.75
643,39.75,2018-02-16 18:42:00,39.75,39.745,39.75
644,39.75,2018-02-16 18:43:00,39.75,39.75,39.75
645,39.72,2018-02-16 18:44:00,39.72,39.71,39.72
646,39.71,2018-02-16 18:45:00,39.71,39.71,39.71
647,39.71,2018-02-16 18:46:00,39.72,39.71,39.72
648,39.71,2018-02-16 18:47:00,39.72,39.71,39.715
649,39.71,2018-02-16 18:48:00,39.71,39.71,39.71
650,39.695,2018-02-16 18:49:00,39.71,39.695,39.705
651,39.685,2018-02-16 18:50:00,39.69,39.685,39.69
652,39.685,2018-02-16 18:51:00,39.69,39.685,39.69
653,39.685,2018-02-16 18:52:00,39.685,39.685,39.685
654,39.665,2018-02-16 18:53:00,39.665,39.665,39.665
655,39.65,2018-02-16 18:54:00,39.65,39.645,39.65
656,39.645,2018-02-16 18:55:00,39.65,39.645,39.65
657,39.64,2018-02-16 18:56:00,39.64,39.635,39.64
658,39.65,2018-02-16 18:57:00,39.65,39.64,39.65
659,39.65,2018-02-16 18:58:00,39.65,39.64,39.64
660,39.61,2018-02-16 18:59:00,39.64,39.6,39.64
661,39.65,2018-02-16 19:00:00,39.65,39.64,39.64
662,39.65,2018-02-16 19:01:00,39.655,39.64,39.64
663,39.64,2018-02-16 19:02:00,39.655,39.64,39.65
664,39.625,2018-02-16 19:03:00,39.64,39.625,39.64
665,39.61,2018-02-16 19:04:00,39.61,39.61,39.61
666,39.585,2018-02-16 19:05:00,39.6,39.585,39.6
667,39.595,2018-02-16 19:06:00,39.6,39.595,39.6
668,39.61,2018-02-16 19:07:00,39.615,39.6,39.605
669,39.6,2018-02-16 19:08:00,39.615,39.6,39.615
670,39.61,2018-02-16 19:09:00,39.61,39.61,39.61
671,39.61,2018-02-16 19:10:00,39.61,39.57,39.57
672,39.57,2018-02-16 19:11:00,39.61,39.57,39.61
673,39.6,2018-02-16 19:12:00,39.6,39.57,39.57
674,39.57,2018-02-16 19:13:00,39.57,39.57,39.57
675,39.545,2018-02-16 19:14:00,39.545,39.54,39.54
676,39.545,2018-02-16 19:15:00,39.545,39.54,39.54
677,39.57,2018-02-16 19:16:00,39.57,39.555,39.555
678,39.54,2018-02-16 19:17:00,39.54,39.54,39.54
679,39.54,2018-02-16 19:18:00,39.54,39.53,39.54
680,39.57,2018-02-16 19:19:00,39.57,39.57,39.57
681,39.57,2018-02-16 19:20:00,39.57,39.57,39.57
682,39.57,2018-02-16 19:21:00,39.585,39.57,39.57
683,39.54,2018-02-16 19:22:00,39.54,39.53,39.53
684,39.57,2018-02-16 19:23:00,39.57,39.57,39.57
685,39.53,2018-02-16 19:24:00,39.53,39.53,39.53
686,39.54,2018-02-16 19:25:00,39.54,39.54,39.54
687,39.545,2018-02-16 19:26:00,39.545,39.54,39.54
688,39.57,2018-02-16 19:27:00,39.57,39.57,39.57
689,39.61,2018-02-16 19:28:00,39.61,39.6,39.6
690,39.595,2018-02-16 19:29:00,39.6,39.595,39.6
691,39.6,2018-02-16 19:30:00,39.61,39.6,39.61
692,39.605,2018-02-16 19:31:00,39.605,39.6,39.6
693,39.615,2018-02-16 19:32:00,39.615,39.615,39.615
694,39.635,2018-02-16 19:33:00,39.64,39.635,39.635
695,39.615,2018-02-16 19:34:00,39.635,39.615,39.635
696,39.625,2018-02-16 19:35:00,39.635,39.625,39.635
697,39.64,2018-02-16 19:36:00,39.64,39.635,39.635
698,39.65,2018-02-16 19:37:00,39.655,39.635,39.635
699,39.65,2018-02-16 19:38:00,39.655,39.65,39.655
700,39.635,2018-02-16 19:39:00,39.655,39.635,39.65
701,39.635,2018-02-16 19:40:00,39.635,39.635,39.635
702,39.635,2018-02-16 19:41:00,39.635,39.635,39.635
703,39.635,2018-02-16 19:42:00,39.635,39.635,39.635
704,39.635,2018-02-16 19:43:00,39.635,39.635,39.635
705,39.6,2018-02-16 19:44:00,39.64,39.6,39.625
706,39.625,2018-02-16 19:45:00,39.625,39.61,39.61
707,39.6,2018-02-16 19:46:00,39.61,39.6,39.61
708,39.585,2018-02-16 19:47:00,39.585,39.57,39.585
709,39.61,2018-02-16 19:48:00,39.61,39.61,39.61
710,39.635,2018-02-16 19:49:00,39.635,39.61,39.61
711,39.625,2018-02-16 19:50:00,39.625,39.625,39.625
712,39.595,2018-02-16 19:51:00,39.61,39.595,39.61
713,39.61,2018-02-16 19:52:00,39.615,39.6,39.6
714,39.615,2018-02-16 19:53:00,39.615,39.615,39.615
715,39.625,2018-02-16 19:54:00,39.625,39.625,39.625
716,39.65,2018-02-16 19:55:00,39.65,39.65,39.65
717,39.665,2018-02-16 19:56:00,39.665,39.65,39.65
718,39.665,2018-02-16 19:57:00,39.665,39.665,39.665
719,39.665,2018-02-16 19:58:00,39.665,39.665,39.665
720,39.68,2018-02-16 19:59:00,39.68,39.675,39.675
721,39.675,2018-02-16 20:00:00,39.68,39.665,39.68
722,39.68,2018-02-16 20:01:00,39.685,39.68,39.68
723,39.665,2018-02-16 20:02:00,39.665,39.665,39.665
724,39.665,2018-02-16 20:03:00,39.665,39.665,39.665
725,39.665,2018-02-16 20:04:00,39.665,39.645,39.65
726,39.68,2018-02-16 20:05:00,39.68,39.675,39.68
727,39.68,2018-02-16 20:06:00,39.685,39.68,39.685
728,39.71,2018-02-16 20:07:00,39.71,39.71,39.71
729,39.71,2018-02-16 20:08:00,39.71,39.71,39.71
730,39.71,2018-02-16 20:09:00,39.71,39.71,39.71
731,39.72,2018-02-16 20:10:00,39.72,39.715,39.72
732,39.735,2018-02-16 20:11:00,39.735,39.735,39.735
733,39.71,2018-02-16 20:12:00,39.72,39.71,39.72
734,39.71,2018-02-16 20:13:00,39.71,39.71,39.71
735,39.705,2018-02-16 20:14:00,39.71,39.705,39.71
736,39.71,2018-02-16 20:15:00,39.71,39.705,39.705
737,39.72,2018-02-16 20:16:00,39.72,39.72,39.72
738,39.71,2018-02-16 20:17:00,39.71,39.71,39.71
739,39.72,2018-02-16 20:18:00,39.72,39.71,39.71
740,39.72,2018-02-16 20:19:00,39.72,39.71,39.71
741,39.725,2018-02-16 20:20:00,39.725,39.71,39.71
742,39.72,2018-02-16 20:21:00,39.72,39.72,39.72
743,39.72,2018-02-16 20:22:00,39.72,39.71,39.71
744,39.735,2018-02-16 20:23:00,39.735,39.735,39.735
745,39.725,2018-02-16 20:24:00,39.735,39.715,39.735
746,39.735,2018-02-16 20:25:00,39.735,39.72,39.72
747,39.75,2018-02-16 20:26:00,39.75,39.745,39.745
748,39.765,2018-02-16 20:27:00,39.775,39.765,39.765
749,39.765,2018-02-16 20:28:00,39.77,39.765,39.77
750,39.74,2018-02-16 20:29:00,39.76,39.74,39.76
751,39.755,2018-02-16 20:30:00,39.78,39.745,39.745
752,39.75,2018-02-16 20:31:00,39.75,39.75,39.75
753,39.755,2018-02-16 20:32:00,39.755,39.745,39.745
754,39.71,2018-02-16 20:33:00,39.71,39.71,39.71
755,39.71,2018-02-16 20:34:00,39.71,39.71,39.71
756,39.705,2018-02-16 20:35:00,39.705,39.705,39.705
757,39.72,2018-02-16 20:36:00,39.72,39.71,39.71
758,39.71,2018-02-16 20:37:00,39.735,39.71,39.735
759,39.7,2018-02-16 20:38:00,39.705,39.7,39.705
760,39.685,2018-02-16 20:39:00,39.685,39.685,39.685
761,39.695,2018-02-16 20:40:00,39.695,39.695,39.695
762,39.695,2018-02-16 20:41:00,39.695,39.695,39.695
763,39.68,2018-02-16 20:42:00,39.68,39.68,39.68
764,39.68,2018-02-16 20:43:00,39.685,39.675,39.675
765,39.685,2018-02-16 20:44:00,39.685,39.685,39.685
766,39.72,2018-02-16 20:45:00,39.72,39.685,39.685
767,39.735,2018-02-16 20:46:00,39.735,39.735,39.735
768,39.76,2018-02-16 20:47:00,39.76,39.75,39.75
769,39.765,2018-02-16 20:48:00,39.765,39.765,39.765
770,39.765,2018-02-16 20:49:00,39.765,39.765,39.765
771,39.75,2018-02-16 20:50:00,39.75,39.75,39.75
772,39.745,2018-02-16 20:51:00,39.755,39.745,39.755
773,39.735,2018-02-16 20:52:00,39.75,39.725,39.745
774,39.725,2018-02-16 20:53:00,39.725,39.725,39.725
775,39.725,2018-02-16 20:54:00,39.725,39.725,39.725
776,39.725,2018-02-16 20:55:00,39.725,39.725,39.725
777,39.725,2018-02-16 20:56:00,39.725,39.725,39.725
778,39.695,2018-02-16 20:57:00,39.705,39.695,39.695
779,39.665,2018-02-16 20:58:00,39.68,39.665,39.68
780,39.675,2018-02-16 20:59:00,39.68,39.675,39.68
